Date,Calculated Cumulative Rainfall (inches),Daily Rainfall (inches),Discrepancy
2016-10-01,0.0,0.0,False
2016-10-02,0.0,0.0,False
2016-10-03,0.0,0.0,False
2016-10-04,0.0,0.0,False
2016-10-05,0.0,0.0,False
2016-10-06,0.0,0.0,False
2016-10-07,0.0,0.0,False
2016-10-08,0.0,0.0,False
2016-10-09,0.0,0.0,False
2016-10-10,0.0,0.0,False
2016-10-11,0.0,0.0,False
2016-10-12,0.0,0.0,False
2016-10-13,0.0,0.0,False
2016-10-14,1.6899999999999977,1.69,True
2016-10-15,1.3800000000000026,1.46,True
2016-10-16,4.25,4.17,True
2016-10-17,0.0,0.0,False
2016-10-18,0.0,0.0,False
2016-10-19,0.0,0.0,False
2016-10-20,0.0,0.0,False
2016-10-21,0.0,0.0,False
2016-10-22,0.0,0.0,False
2016-10-23,0.0,0.0,False
2016-10-24,0.0799999999999983,0.08000000000000007,True
2016-10-25,0.0,0.0,False
2016-10-26,0.0,0.0,False
2016-10-27,0.1599999999999966,0.15999999999999925,True
2016-10-28,1.1799999999999997,1.1800000000000006,True
2016-10-29,0.20000000000000284,0.1999999999999993,True
2016-10-30,0.509999999999998,0.5500000000000007,True
2016-10-31,0.9500000000000028,0.9499999999999993,True
2016-11-01,0.46999999999999886,0.4299999999999997,True
2016-11-02,0.03999999999999915,0.040000000000000924,True
2016-11-03,0.0,0.0,False
2016-11-04,0.0,0.0,False
2016-11-05,0.0,0.0,False
2016-11-06,0.0,0.0,False
2016-11-07,0.0,0.0,False
2016-11-08,0.0,0.0,False
2016-11-09,0.03999999999999915,0.03999999999999915,False
2016-11-10,0.0,0.0,False
2016-11-11,0.0,0.0,False
2016-11-12,0.0,0.0,False
2016-11-13,0.0,0.0,False
2016-11-14,0.0,0.0,False
2016-11-15,0.0,0.0,False
2016-11-16,0.0,0.0,False
2016-11-17,0.0,0.0,False
2016-11-18,0.0,0.0,False
2016-11-19,1.8100000000000023,1.8500000000000014,True
2016-11-20,0.509999999999998,0.46999999999999886,True
2016-11-21,0.03999999999999915,0.040000000000000924,True
2016-11-22,0.0,0.0,False
2016-11-23,0.1600000000000037,0.16000000000000014,True
2016-11-24,0.0,0.0,False
2016-11-25,0.0,0.0,False
2016-11-26,0.6700000000000017,0.6699999999999999,True
2016-11-27,0.5499999999999972,0.5499999999999989,True
2016-11-28,0.0799999999999983,0.08000000000000007,True
2016-11-29,0.03999999999999915,0.040000000000000924,True
2016-11-30,0.0,0.0,False
2016-12-01,0.0,0.0,False
2016-12-02,0.0,0.0,False
2016-12-03,0.0,0.0,False
2016-12-04,0.0,0.0,False
2016-12-05,0.0,0.0,False
2016-12-06,0.0,0.0,False
2016-12-07,0.1600000000000037,0.16000000000000014,True
2016-12-08,1.259999999999998,1.299999999999999,True
2016-12-09,0.4299999999999997,0.4299999999999997,False
2016-12-10,1.1799999999999997,1.1400000000000006,True
2016-12-11,0.0,0.0,False
2016-12-12,0.0,0.0,False
2016-12-13,0.0800000000000054,0.08000000000000185,True
2016-12-14,0.509999999999998,0.509999999999998,False
2016-12-15,3.779999999999994,3.780000000000001,True
2016-12-16,0.04000000000000625,0.03999999999999915,True
2016-12-17,0.0,0.0,False
2016-12-18,0.0,0.0,False
2016-12-19,0.0,0.0,False
2016-12-20,-44.91,0.0,True
2016-12-21,0.0,0.0,False
2016-12-22,0.0,0.0,False
2016-12-23,0.75,0.75,False
2016-12-24,0.0,0.0,False
2016-12-25,0.0,0.0,False
2016-12-26,0.0,0.0,False
2016-12-27,0.0,0.0,False
2016-12-28,0.0,0.0,False
2016-12-29,0.0,0.0,False
2016-12-30,0.0,0.0,False
2016-12-31,0.0,0.0,False
2017-01-01,0.0,0.0,False
2017-01-02,0.5899999999999999,0.5899999999999999,False
2017-01-03,3.1099999999999994,3.3099999999999987,True
2017-01-04,2.009999999999998,1.8500000000000014,True
2017-01-05,0.0400000000000027,0.0,True
2017-01-06,0.0,0.0,False
2017-01-07,2.789999999999999,2.870000000000001,True
2017-01-08,3.629999999999999,3.5500000000000007,True
2017-01-09,1.4200000000000017,1.4200000000000017,False
2017-01-10,3.030000000000001,3.029999999999994,True
2017-01-11,0.1599999999999966,0.1600000000000037,True
2017-01-12,0.6300000000000026,0.6299999999999955,True
2017-01-13,0.0,0.0,False
2017-01-14,0.0,0.0,False
2017-01-15,0.0,0.0,False
2017-01-16,0.0,0.0,False
2017-01-17,0.0,0.0,False
2017-01-18,2.1999999999999957,2.200000000000003,True
2017-01-19,0.4000000000000057,0.3999999999999986,True
2017-01-20,2.1299999999999955,2.1300000000000026,True
2017-01-21,0.4299999999999997,0.4299999999999997,False
2017-01-22,3.230000000000004,3.229999999999997,True
2017-01-23,0.3499999999999943,0.3500000000000014,True
2017-01-24,0.0,0.0,False
2017-01-25,0.0,0.0,False
2017-01-26,0.0,0.0,False
2017-01-27,0.0,0.0,False
2017-01-28,0.0,0.0,False
2017-01-29,0.0,0.0,False
2017-01-30,0.0,0.0,False
2017-01-31,0.0,0.0,False
2017-02-01,0.04000000000000625,0.03999999999999915,True
2017-02-02,1.259999999999998,1.2600000000000051,True
2017-02-03,1.5399999999999991,0.0,True
2017-02-04,0.35999999999999943,0.35999999999999943,False
2017-02-05,1.0200000000000031,1.0999999999999943,True
2017-02-06,1.8499999999999943,1.8500000000000014,True
2017-02-07,2.960000000000001,2.9200000000000017,True
2017-02-08,1.490000000000002,1.4500000000000028,True
2017-02-09,2.1700000000000017,2.1699999999999946,True
2017-02-10,0.30999999999999517,0.3100000000000023,True
2017-02-11,0.0,0.0,False
2017-02-12,0.0,0.0,False
2017-02-13,0.0,0.0,False
2017-02-14,0.0,0.0,False
2017-02-15,0.0,0.0,False
2017-02-16,0.7900000000000063,0.7899999999999991,True
2017-02-17,2.9599999999999937,2.960000000000001,True
2017-02-18,0.27000000000001023,0.269999999999996,True
2017-02-19,0.23999999999999488,0.2400000000000091,True
2017-02-20,4.140000000000001,4.140000000000001,False
2017-02-21,0.6700000000000017,0.6700000000000017,False
2017-02-22,0.0,0.0,False
2017-02-23,0.0,0.0,False
2017-02-24,0.0,0.0,False
2017-02-25,0.0,0.0,False
2017-02-26,0.030000000000001137,0.029999999999986926,True
2017-02-27,0.0,0.0,False
2017-02-28,0.0,0.0,False
2017-03-01,0.0,0.0,False
2017-03-02,0.0,0.0,False
2017-03-03,0.0,0.0,False
2017-03-04,0.7099999999999937,0.75,True
2017-03-05,0.3200000000000074,0.28000000000000114,True
2017-03-06,0.0799999999999983,0.0799999999999983,False
2017-03-07,0.0,0.0,False
2017-03-08,0.0,0.0,False
2017-03-09,0.0,0.0,False
2017-03-10,0.0,0.0,False
2017-03-11,0.0,0.0,False
2017-03-12,0.0,0.0,False
2017-03-13,0.0,0.0,False
2017-03-14,0.0,0.0,False
2017-03-15,0.0,0.0,False
2017-03-16,0.0,0.0,False
2017-03-17,0.0,0.0,False
2017-03-18,0.0,0.0,False
2017-03-19,0.0,0.0,False
2017-03-20,1.019999999999996,1.1000000000000085,True
2017-03-21,1.8900000000000006,2.010000000000005,True
2017-03-22,1.0699999999999932,0.8699999999999903,True
2017-03-23,0.0,0.0,False
2017-03-24,1.1000000000000085,1.1400000000000006,True
2017-03-25,0.11999999999999034,0.0799999999999983,True
2017-03-26,0.12000000000000455,0.12000000000000455,False
2017-03-27,0.0,0.0,False
2017-03-28,0.0,0.0,False
2017-03-29,0.0,0.0,False
2017-03-30,0.0,0.0,False
2017-03-31,0.0,0.0,False
2017-04-01,0.0,0.0,False
2017-04-02,0.0,0.0,False
2017-04-03,0.0,0.0,False
2017-04-04,0.0,0.0,False
2017-04-05,0.0,0.0,False
2017-04-06,0.75,0.8599999999999994,True
2017-04-07,1.5700000000000074,1.5,True
2017-04-08,0.28000000000000114,0.23999999999999488,True
2017-04-09,0.0,0.0,False
2017-04-10,0.0,0.0,False
2017-04-11,0.0799999999999983,0.0799999999999983,False
2017-04-12,0.46999999999999886,0.5900000000000034,True
2017-04-13,0.6299999999999955,0.5100000000000051,True
2017-04-14,0.0,0.0,False
2017-04-15,0.0,0.0,False
2017-04-16,0.5100000000000051,0.5100000000000051,False
2017-04-17,0.46999999999999886,0.46999999999999886,False
2017-04-18,0.0799999999999983,0.0,True
2017-04-19,0.0,0.0,False
2017-04-20,0.0799999999999983,0.0799999999999983,False
2017-04-21,0.0,0.0,False
2017-04-22,0.0,0.0,False
2017-04-23,0.0,0.0,False
2017-04-24,0.0,0.0,False
2017-04-25,0.0,0.0,False
2017-04-26,0.0,0.0,False
2017-04-27,0.0,0.0,False
2017-04-28,0.0,0.0,False
2017-04-29,0.0,0.0,False
2017-04-30,0.0,0.0,False
2017-05-01,0.0,0.0,False
2017-05-02,0.0,0.0,False
2017-05-03,0.0,0.0,False
2017-05-04,0.0,0.0,False
2017-05-05,0.0,0.0,False
2017-05-06,0.0,0.0,False
2017-05-07,0.0,0.0,False
2017-05-08,0.0,0.0,False
2017-05-09,0.0,0.0,False
2017-05-10,0.0,0.0,False
2017-05-12,0.0,0.0,False
2017-05-13,0.0,0.0,False
2017-05-14,0.0799999999999983,0.0799999999999983,False
2017-05-15,0.0,0.0,False
2017-05-16,0.0,0.0,False
2017-05-17,0.04000000000000625,0.03999999999999204,True
2017-05-18,0.0,0.0,False
2017-05-19,0.0,0.0,False
2017-05-20,0.0,0.0,False
2017-05-21,0.0,0.0,False
2017-05-22,0.0,0.0,False
2017-05-23,0.0,0.0,False
2017-05-24,0.0,0.0,False
2017-05-25,0.03999999999999204,0.04000000000000625,True
2017-05-26,0.0799999999999983,0.0799999999999983,False
2017-05-27,0.0,0.0,False
2017-05-28,0.0,0.0,False
2017-05-29,0.0,0.0,False
2017-05-30,0.0,0.0,False
2017-06-06,0.0,0.0,False
2017-06-07,0.0,0.0,False
2017-06-08,0.04000000000000625,0.04000000000000625,False
2017-06-09,0.0799999999999983,0.0799999999999983,False
2017-06-10,0.0,0.0,False
2017-06-11,0.0,0.0,False
2017-06-12,0.0,0.0,False
2017-06-13,0.0,0.0,False
2017-06-14,0.0,0.0,False
2017-06-15,0.0,0.0,False
2017-06-23,0.0,0.0,False
2017-06-24,0.0,0.0,False
2017-06-25,0.0,0.0,False
2017-06-26,0.0,0.0,False
2017-06-27,0.0,0.0,False
2017-06-28,0.0,0.0,False
2017-06-29,0.0,0.0,False
2017-06-30,0.0,0.0,False
2017-07-01,0.0,0.0,False
2017-07-02,0.0,0.0,False
2017-07-03,0.0,0.0,False
2017-07-04,0.0,0.0,False
2017-07-05,0.0,0.0,False
2017-07-06,0.0,0.0,False
2017-07-07,0.0,0.0,False
2017-07-08,0.0,0.0,False
2017-07-09,0.0,0.0,False
2017-07-10,0.0,0.0,False
2017-07-11,0.0,0.0,False
2017-07-12,0.0,0.0,False
2017-07-13,0.0,0.0,False
2017-07-14,0.0,0.0,False
2017-07-15,0.0,0.0,False
2017-07-16,0.0,0.0,False
2017-07-17,0.0,0.0,False
2017-07-18,0.0,0.0,False
2017-07-19,0.0,0.0,False
2017-07-20,0.0,0.0,False
2017-07-21,0.0,0.0,False
2017-07-22,0.0,0.0,False
2017-07-23,0.0,0.0,False
2017-07-24,0.0,0.0,False
2017-07-25,0.0,0.0,False
2017-07-26,0.0,0.0,False
2017-07-27,0.0,0.0,False
2017-07-28,0.0,0.0,False
2017-07-29,0.0,0.0,False
2017-07-30,0.0,0.0,False
2017-07-31,0.0,0.0,False
2017-08-01,0.0,0.0,False
2017-08-02,0.0,0.0,False
2017-08-03,0.0,0.0,False
2017-08-04,0.0,0.0,False
2017-08-05,0.0,0.0,False
2017-08-06,0.0,0.0,False
2017-08-07,0.0,0.0,False
2017-08-08,0.0,0.0,False
2017-08-09,0.0,0.0,False
2017-08-10,0.0,0.0,False
2017-08-11,0.0,0.0,False
2017-08-12,0.0,0.0,False
2017-08-13,0.0,0.0,False
2017-08-14,0.0,0.0,False
2017-08-15,0.0,0.0,False
2017-08-16,0.0,0.0,False
2017-08-17,0.0,0.0,False
2017-08-18,0.0,0.0,False
2017-08-19,0.0,0.0,False
2017-08-20,0.0,0.0,False
2017-08-21,0.0,0.0,False
2017-08-22,0.0,0.0,False
2017-08-24,0.0,0.0,False
2017-08-25,0.0,0.0,False
2017-08-26,0.0,0.0,False
2017-08-27,0.0,0.0,False
2017-08-28,0.0,0.0,False
2017-08-29,0.0,0.0,False
2017-08-30,0.0,0.0,False
2017-08-31,0.0,0.0,False
2017-09-01,0.0,0.0,False
2017-09-02,0.0,0.0,False
2017-09-03,0.0,0.0,False
2017-09-04,0.0,0.0,False
2017-09-05,0.0,0.0,False
2017-09-06,0.0,0.0,False
2017-09-07,0.0,0.0,False
2017-09-08,0.0,0.0,False
2017-09-09,0.0,0.0,False
2017-09-10,0.0,0.0,False
2017-09-11,0.0,0.0,False
2017-09-12,0.0,0.0,False
2017-09-13,0.0,0.0,False
2017-09-14,0.07000000000000739,0.06999999999999318,True
2017-09-15,0.0,0.0,False
2017-09-16,0.0,0.0,False
2017-09-17,0.0,0.0,False
2017-09-18,0.0,0.0,False
2017-09-19,0.0,0.0,False
2017-09-20,0.0,0.0,False
2017-09-21,0.0,0.0,False
2017-09-22,0.0,0.0,False
2017-09-23,0.0,0.0,False
2017-09-24,0.0,0.0,False
2017-09-25,0.0,0.0,False
2017-09-26,0.0,0.0,False
2017-09-27,0.0,0.0,False
2017-09-28,0.0,0.0,False
2017-09-29,0.0,0.0,False
2017-09-30,0.0,0.0,False
2017-10-01,0.0,0.0,False
2017-10-02,0.0,0.0,False
2017-10-03,0.0,0.0,False
2017-10-04,0.0,0.0,False
2017-10-05,0.0,0.0,False
2017-10-06,0.0,0.0,False
2017-10-07,0.0,0.0,False
2017-10-08,0.0,0.0,False
2017-10-09,0.0,0.0,False
2017-10-10,0.0,0.0,False
2017-10-11,0.0,0.0,False
2017-10-12,0.0,0.0,False
2017-10-13,0.0,0.0,False
2017-10-14,0.0,0.0,False
2017-10-15,0.0,0.0,False
2017-10-16,0.0,0.0,False
2017-10-17,0.0,0.0,False
2017-10-18,0.0,0.0,False
2017-10-19,0.11999999999999034,0.0,True
2017-10-20,0.20000000000000284,0.16,True
2017-10-21,0.0,0.0,False
2017-10-22,0.0,0.0,False
2017-10-23,0.0,0.0,False
2017-10-24,0.0,0.0,False
2017-10-25,0.0,0.0,False
2017-10-26,0.0,0.0,False
2017-10-27,0.0,0.0,False
2017-10-28,0.0,0.0,False
2017-10-29,0.0,0.0,False
2017-10-30,0.0,0.0,False
2017-10-31,0.0,0.0,False
2017-11-01,0.0,0.0,False
2017-11-02,0.0,0.0,False
2017-11-03,0.1599999999999966,0.0,True
2017-11-04,0.12000000000000455,0.0,True
2017-11-05,0.0,0.0,False
2017-11-06,0.0,0.0,False
2017-11-07,0.0,0.0,False
2017-11-08,0.5100000000000051,0.6699999999999999,True
2017-11-09,0.9799999999999898,0.82,True
2017-11-10,0.0799999999999983,0.08000000000000007,True
2017-11-11,0.0,0.0,False
2017-11-12,0.04000000000000625,0.040000000000000036,True
2017-11-13,0.12000000000000455,0.11999999999999988,True
2017-11-14,0.03999999999999204,0.040000000000000036,True
2017-11-15,0.0799999999999983,0.15999999999999992,True
2017-11-16,3.5,3.42,True
2017-11-17,0.0,0.0,False
2017-11-18,0.0,0.0,False
2017-11-19,0.0,0.0,False
2017-11-20,0.0,0.0,False
2017-11-22,0.0,0.0,False
2017-11-23,0.0,0.0,False
2017-11-24,0.0,0.0,False
2017-11-25,0.0,0.0,False
2017-11-26,0.75,0.75,False
2017-11-27,0.28000000000000114,0.28000000000000025,True
2017-11-28,0.0,0.0,False
2017-11-29,0.0,0.0,False
2017-11-30,0.0,0.0,False
2017-12-01,0.0,0.0,False
2017-12-02,0.0,0.0,False
2017-12-03,0.0,0.0,False
2017-12-04,0.0,0.0,False
2017-12-05,0.0,0.0,False
2017-12-06,0.0,0.0,False
2017-12-07,0.0,0.0,False
2017-12-08,-81.31,0.0,True
2017-12-09,0.0,0.0,False
2017-12-10,0.0,0.0,False
2017-12-11,0.0,0.0,False
2017-12-12,0.0,0.0,False
2017-12-13,0.0,0.0,False
2017-12-14,0.0,0.0,False
2017-12-15,0.0,0.0,False
2017-12-16,0.0,0.0,False
2017-12-17,0.0,0.0,False
2017-12-18,0.0,0.0,False
2017-12-19,0.0,0.0,False
2017-12-20,0.1200000000000001,0.1200000000000001,False
2017-12-21,0.0,0.0,False
2017-12-22,0.0,0.0,False
2017-12-23,0.0,0.0,False
2017-12-24,0.0,0.0,False
2017-12-25,0.0,0.0,False
2017-12-26,0.0,0.0,False
2017-12-27,0.0,0.0,False
2017-12-28,0.0,0.0,False
2017-12-29,0.0,0.0,False
2017-12-30,0.0,0.0,False
2017-12-31,0.0,0.0,False
2018-01-01,0.0,0.0,False
2018-01-02,0.0,0.0,False
2018-01-03,0.8300000000000001,0.8300000000000001,False
2018-01-04,0.2699999999999996,0.2699999999999996,False
2018-01-05,0.5999999999999996,0.5999999999999996,False
2018-01-06,0.11000000000000121,0.11000000000000121,False
2018-01-07,0.0,0.0,False
2018-01-08,3.0,3.16,True
2018-01-09,0.8300000000000001,0.6699999999999999,True
2018-01-10,0.02999999999999936,0.02999999999999936,False
2018-01-11,0.0,0.0,False
2018-01-12,0.0,0.0,False
2018-01-13,0.0,0.0,False
2018-01-14,0.0,0.0,False
2018-01-15,0.0,0.0,False
2018-01-16,0.0,0.0,False
2018-01-17,0.0,0.0,False
2018-01-18,0.27999999999999936,0.27999999999999936,False
2018-01-19,0.040000000000000924,0.040000000000000924,False
2018-01-20,0.0,0.0,False
2018-01-21,0.0,0.0,False
2018-01-22,0.27999999999999936,0.27999999999999936,False
2018-01-23,0.0,0.0,False
2018-01-24,0.5099999999999998,0.0,True
2018-01-25,0.08000000000000007,0.0,True
2018-01-27,0.040000000000000924,0.0,True
2018-01-28,0.0,0.0,False
2018-01-29,0.0,0.0,False
2018-01-30,0.0,0.0,False
2018-01-31,0.0,0.0,False
2018-02-01,0.0,0.0,False
2018-02-02,0.0,0.0,False
2018-02-03,0.0,0.0,False
2018-02-04,0.0,0.0,False
2018-02-05,0.0,0.0,False
2018-02-06,0.0,0.0,False
2018-02-07,0.0,0.0,False
2018-02-08,0.0,0.0,False
2018-02-09,0.0,0.0,False
2018-02-10,0.0,0.0,False
2018-02-11,0.0,0.0,False
2018-02-12,0.0,0.0,False
2018-02-13,0.0,0.0,False
2018-02-14,0.0,0.0,False
2018-02-15,0.0,0.0,False
2018-02-16,0.0,0.0,False
2018-02-17,0.0,0.0,False
2018-02-18,0.0,0.0,False
2018-02-19,0.0,0.0,False
2018-02-20,0.0,0.0,False
2018-02-21,0.0,0.0,False
2018-02-22,0.0,0.0,False
2018-02-23,0.0,0.0,False
2018-02-24,0.0,0.0,False
2018-02-25,0.0,0.0,False
2018-02-26,0.23000000000000043,0.23000000000000043,False
2018-02-27,0.0799999999999983,0.08000000000000007,True
2018-02-28,0.28000000000000114,0.35999999999999943,True
2018-03-01,2.4800000000000004,2.4399999999999995,True
2018-03-02,0.39000000000000057,0.3500000000000014,True
2018-03-03,0.1999999999999993,0.1999999999999993,False
2018-03-04,0.0,0.0,False
2018-03-05,0.0,0.0,False
2018-03-06,0.0,0.0,False
2018-03-07,0.0,0.0,False
2018-03-08,0.120000000000001,0.120000000000001,False
2018-03-09,0.0,0.0,False
2018-03-10,0.0,0.0,False
2018-03-11,0.0,0.0,False
2018-03-12,0.75,0.7899999999999991,True
2018-03-13,1.7299999999999969,1.6900000000000013,True
2018-03-14,0.360000000000003,0.35999999999999943,True
2018-03-15,0.8999999999999986,0.9399999999999977,True
2018-03-16,0.1999999999999993,0.16000000000000014,True
2018-03-17,0.1999999999999993,0.20000000000000284,True
2018-03-18,0.0,0.0,False
2018-03-19,0.0,0.0,False
2018-03-20,0.39000000000000057,0.4299999999999997,True
2018-03-21,1.5399999999999991,1.5,True
2018-03-22,2.3200000000000003,2.3200000000000003,False
2018-03-23,0.0,0.0,False
2018-03-24,0.16000000000000014,0.16000000000000014,False
2018-03-25,0.120000000000001,0.11999999999999744,True
2018-03-26,0.0,0.0,False
2018-03-27,0.0,0.0,False
2018-03-28,0.0,0.0,False
2018-03-29,0.0,0.0,False
2018-03-30,0.0,0.0,False
2018-03-31,0.0,0.0,False
2018-04-01,0.0,0.0,False
2018-04-02,0.0,0.0,False
2018-04-03,0.0,0.0,False
2018-04-04,0.0,0.0,False
2018-04-05,0.0,0.0,False
2018-04-06,1.0199999999999996,0.0,True
2018-04-07,1.1799999999999997,1.1799999999999997,False
2018-04-08,0.0,0.0,False
2018-04-09,0.0,0.0,False
2018-04-10,0.0,0.0,False
2018-04-11,0.240000000000002,0.0,True
2018-04-12,0.0,0.0,False
2018-04-13,0.0,0.0,False
2018-04-14,0.0,0.0,False
2018-04-15,0.0799999999999983,0.08000000000000185,True
2018-04-16,0.23000000000000043,0.23000000000000043,False
2018-04-17,0.0,0.0,False
2018-04-18,0.0,0.0,False
2018-04-19,0.0,0.0,False
2018-04-20,0.0,0.0,False
2018-04-21,0.0,0.0,False
2018-04-22,0.0,0.0,False
2018-04-23,0.0,0.0,False
2018-04-24,0.0,0.0,False
2018-04-25,0.0,0.0,False
2018-04-26,0.0,0.0,False
2018-04-27,0.0,0.0,False
2018-04-28,0.0,0.0,False
2018-04-29,0.0,0.0,False
2018-04-30,0.0,0.0,False
2018-05-01,0.0,0.0,False
2018-05-02,0.0,0.0,False
2018-05-03,0.0,0.0,False
2018-05-04,0.0,0.0,False
2018-05-05,0.0,0.0,False
2018-05-06,0.0,0.0,False
2018-05-07,0.0,0.0,False
2018-05-08,0.0,0.0,False
2018-05-09,0.0,0.0,False
2018-05-10,0.0,0.0,False
2018-05-11,0.0,0.0,False
2018-05-12,0.0,0.0,False
2018-05-13,0.0,0.0,False
2018-05-14,0.0,0.0,False
2018-05-15,0.0,0.0,False
2018-05-16,0.0,0.0,False
2018-05-17,0.0,0.0,False
2018-05-18,0.0,0.0,False
2018-05-19,0.0,0.0,False
2018-05-20,0.0,0.0,False
2018-05-21,0.0,0.0,False
2018-05-22,0.0,0.0,False
2018-05-23,0.0,0.0,False
2018-05-24,0.0,0.0,False
2018-05-25,0.03999999999999915,0.03999999999999915,False
2018-05-26,0.0,0.0,False
2018-05-27,0.0,0.0,False
2018-05-28,0.0,0.0,False
2018-05-29,0.0,0.0,False
2018-05-30,0.0,0.0,False
2018-05-31,0.0,0.0,False
2018-06-01,0.0,0.0,False
2018-06-02,0.0,0.0,False
2018-06-03,0.0,0.0,False
2018-06-04,0.0,0.0,False
2018-06-05,0.0,0.0,False
2018-06-06,0.0,0.0,False
2018-06-07,0.0,0.0,False
2018-06-08,0.0,0.0,False
2018-06-09,0.0,0.0,False
2018-06-10,0.0,0.0,False
2018-06-11,0.0,0.0,False
2018-06-12,0.0,0.0,False
2018-06-13,0.0,0.0,False
2018-06-14,0.0,0.0,False
2018-06-15,0.0,0.0,False
2018-06-16,0.08000000000000185,0.0799999999999983,True
2018-06-17,0.03999999999999915,0.0400000000000027,True
2018-06-18,0.0,0.0,False
2018-06-19,0.0,0.0,False
2018-06-20,0.0,0.0,False
2018-06-21,0.0,0.0,False
2018-06-22,0.0,0.0,False
2018-06-23,0.0,0.0,False
2018-06-24,0.0,0.0,False
2018-06-25,0.0,0.0,False
2018-06-26,0.0,0.0,False
2018-06-27,0.0,0.0,False
2018-06-28,0.0,0.0,False
2018-06-29,0.0,0.0,False
2018-06-30,0.0,0.0,False
2018-07-01,0.0,0.0,False
2018-07-02,0.0,0.0,False
2018-07-03,0.0,0.0,False
2018-07-04,0.0,0.0,False
2018-07-05,0.0,0.0,False
2018-07-06,0.0,0.0,False
2018-07-07,0.0,0.0,False
2018-07-08,0.0,0.0,False
2018-07-09,0.0,0.0,False
2018-07-10,0.0,0.0,False
2018-07-11,0.0,0.0,False
2018-07-12,0.0,0.0,False
2018-07-13,0.0,0.0,False
2018-07-14,0.0,0.0,False
2018-07-15,0.0,0.0,False
2018-07-16,0.0,0.0,False
2018-07-17,0.0,0.0,False
2018-07-18,0.0,0.0,False
2018-07-19,0.0,0.0,False
2018-07-20,0.0,0.0,False
2018-07-21,0.0,0.0,False
2018-07-22,0.0,0.0,False
2018-07-23,0.0,0.0,False
2018-07-24,0.0,0.0,False
2018-07-25,0.0,0.0,False
2018-07-26,0.0,0.0,False
2018-07-27,0.0,0.0,False
2018-07-28,0.0,0.0,False
2018-07-29,0.0,0.0,False
2018-07-30,0.0,0.0,False
2018-07-31,0.0,0.0,False
2018-08-01,0.0,0.0,False
2018-08-02,0.0,0.0,False
2018-08-03,0.0,0.0,False
2018-08-04,0.0,0.0,False
2018-08-05,0.0,0.0,False
2018-08-06,0.0,0.0,False
2018-08-07,0.0,0.0,False
2018-08-08,0.0,0.0,False
2018-08-09,0.0,0.0,False
2018-08-10,0.0,0.0,False
2018-08-11,0.0,0.0,False
2018-08-12,0.0,0.0,False
2018-08-13,0.0,0.0,False
2018-08-14,0.0,0.0,False
2018-08-15,0.0,0.0,False
2018-08-16,0.0,0.0,False
2018-08-17,0.0,0.0,False
2018-08-18,0.0,0.0,False
2018-08-19,0.0,0.0,False
2018-08-20,0.0,0.0,False
2018-08-21,0.0,0.0,False
2018-08-22,0.0,0.0,False
2018-08-23,0.0,0.0,False
2018-08-24,0.0,0.0,False
2018-08-25,0.0,0.0,False
2018-08-26,0.08000000000000185,0.0799999999999983,True
2018-08-27,0.0,0.0,False
2018-08-28,0.0,0.0,False
2018-08-29,0.0,0.0,False
2018-08-30,0.0,0.0,False
2018-08-31,0.0,0.0,False
2018-09-01,0.0,0.0,False
2018-09-02,0.0,0.0,False
2018-09-03,0.0,0.0,False
2018-09-04,0.0,0.0,False
2018-09-05,0.0,0.0,False
2018-09-06,0.0,0.0,False
2018-09-07,0.0,0.0,False
2018-09-08,0.0,0.0,False
2018-09-10,0.0,0.0,False
2018-09-11,0.0,0.0,False
2018-09-12,0.0,0.0,False
2018-09-13,0.0,0.0,False
2018-09-14,0.0,0.0,False
2018-09-15,0.0,0.0,False
2018-09-16,0.0,0.0,False
2018-09-17,0.0,0.0,False
2018-09-18,0.0,0.0,False
2018-09-19,0.0,0.0,False
2018-09-20,0.0,0.0,False
2018-09-21,0.0,0.0,False
2018-09-22,0.0,0.0,False
2018-09-23,0.0,0.0,False
2018-09-24,0.0,0.0,False
2018-09-25,0.1599999999999966,0.16000000000000014,True
2018-09-26,0.0,0.0,False
2018-09-27,0.0,0.0,False
2018-09-28,0.0,0.0,False
2018-09-29,0.0,0.0,False
2018-09-30,0.0,0.0,False
2018-10-01,0.0,0.0,False
2018-10-02,0.0,0.0,False
2018-10-03,0.0400000000000027,0.08,True
2018-10-04,0.03999999999999915,0.0,True
2018-10-05,-29.43,0.0,True
2018-10-06,0.0,0.0,False
2018-10-07,0.0,0.0,False
2018-10-08,0.0,0.0,False
2018-10-09,0.0,0.0,False
2018-10-10,0.04000000000000001,0.039999999999999994,True
2018-10-11,0.0,0.0,False
2018-10-12,0.0,0.0,False
2018-10-13,0.0,0.0,False
2018-10-14,0.0,0.0,False
2018-10-15,0.0,0.0,False
2018-10-16,0.0,0.0,False
2018-10-17,0.0,0.0,False
2018-10-18,0.0,0.0,False
2018-10-19,0.0,0.0,False
2018-10-20,0.0,0.0,False
2018-10-21,0.0,0.0,False
2018-10-22,0.0,0.0,False
2018-10-23,0.0,0.0,False
2018-10-24,0.0,0.0,False
2018-10-25,0.0,0.0,False
2018-10-26,0.0,0.0,False
2018-10-27,0.0,0.0,False
2018-10-28,0.0,0.0,False
2018-10-29,0.0,0.0,False
2018-10-30,0.0,0.0,False
2018-10-31,0.0,0.0,False
2018-11-01,0.0,0.0,False
2018-11-02,0.0,0.0,False
2018-11-03,0.0,0.0,False
2018-11-04,0.0,0.0,False
2018-11-05,0.0,0.0,False
2018-11-06,0.0,0.0,False
2018-11-07,0.0,0.0,False
2018-11-08,0.0,0.0,False
2018-11-09,0.0,0.0,False
2018-11-10,0.0,0.0,False
2018-11-11,0.0,0.0,False
2018-11-12,0.0,0.0,False
2018-11-13,0.0,0.0,False
2018-11-14,0.0,0.0,False
2018-11-15,0.0,0.0,False
2018-11-16,0.0,0.0,False
2018-11-17,0.0,0.0,False
2018-11-18,0.0,0.0,False
2018-11-19,0.0,0.0,False
2018-11-20,0.0,0.0,False
2018-11-21,1.85,1.8899999999999997,True
2018-11-22,0.6299999999999999,0.7100000000000004,True
2018-11-23,0.8300000000000001,0.71,True
2018-11-24,0.1200000000000001,0.11999999999999966,True
2018-11-25,0.040000000000000036,0.040000000000000036,False
2018-11-26,0.0,0.0,False
2018-11-27,0.1599999999999997,0.16000000000000014,True
2018-11-28,1.4099999999999997,1.8899999999999997,True
2018-11-29,2.0500000000000007,1.5700000000000003,True
2018-11-30,0.0,0.0,False
2018-12-01,0.23999999999999932,0.2400000000000002,True
2018-12-02,0.0,0.0,False
2018-12-03,0.0,0.0,False
2018-12-04,0.20000000000000018,0.22999999999999954,True
2018-12-05,0.27000000000000046,0.2400000000000002,True
2018-12-06,0.0,0.0,False
2018-12-07,0.0,0.0,False
2018-12-08,0.0,0.0,False
2018-12-09,0.0,0.0,False
2018-12-10,0.0,0.0,False
2018-12-11,0.0,0.0,False
2018-12-12,0.03999999999999915,0.040000000000000036,True
2018-12-13,0.0,0.0,False
2018-12-14,0.0,0.0,False
2018-12-15,0.0,0.0,False
2018-12-16,1.0200000000000014,1.2199999999999998,True
2018-12-17,0.9099999999999984,0.7100000000000009,True
2018-12-18,0.0,0.0,False
2018-12-19,0.0,0.0,False
2018-12-20,0.0,0.0,False
2018-12-21,0.0,0.0,False
2018-12-22,0.0,0.0,False
2018-12-23,0.0,0.0,False
2018-12-24,0.47000000000000064,0.5499999999999989,True
2018-12-25,0.16000000000000014,0.08000000000000007,True
2018-12-26,0.0,0.0,False
2018-12-27,0.0,0.0,False
2018-12-28,0.0,0.0,False
2018-12-29,0.0,0.0,False
2018-12-30,0.0,0.0,False
2018-12-31,0.0,0.0,False
2019-01-01,0.0,0.0,False
2019-01-02,0.0,0.0,False
2019-01-03,0.0,0.0,False
2019-01-04,0.0,0.0,False
2019-01-05,0.9499999999999993,0.9500000000000011,True
2019-01-06,4.130000000000001,4.17,True
2019-01-07,0.03999999999999915,0.0,True
2019-01-08,0.20000000000000107,0.2400000000000002,True
2019-01-09,0.9799999999999986,0.9399999999999995,True
2019-01-10,0.0,0.0,False
2019-01-11,0.240000000000002,0.23999999999999844,True
2019-01-12,0.03999999999999915,0.0400000000000027,True
2019-01-13,0.0,0.0,False
2019-01-14,0.23999999999999844,0.23999999999999844,False
2019-01-15,2.4400000000000013,2.5599999999999987,True
2019-01-16,3.5100000000000016,3.3900000000000006,True
2019-01-17,0.6600000000000001,0.6600000000000001,False
2019-01-18,0.0,0.0,False
2019-01-19,0.0,0.0,False
2019-01-20,0.3999999999999986,0.40000000000000213,True
2019-01-21,0.03999999999999915,0.03999999999999915,False
2019-01-22,0.0,0.0,False
2019-01-23,0.0,0.0,False
2019-01-24,0.0,0.0,False
2019-01-25,0.0,0.0,False
2019-01-26,0.0,0.0,False
2019-01-27,0.0,0.0,False
2019-01-28,0.0,0.0,False
2019-01-29,0.0,0.0,False
2019-01-30,0.0,0.03999999999999915,True
2019-01-31,0.6700000000000017,0.629999999999999,True
2019-02-01,0.6699999999999982,0.7100000000000009,True
2019-02-02,3.3500000000000014,3.3500000000000014,False
2019-02-03,0.8999999999999986,0.9800000000000004,True
2019-02-04,1.9700000000000024,1.8499999999999979,True
2019-02-05,0.3200000000000003,0.32000000000000384,True
2019-02-06,0.0,0.0,False
2019-02-07,0.0,0.03999999999999915,True
2019-02-08,0.75,0.7800000000000011,True
2019-02-09,0.7399999999999949,0.6699999999999946,True
2019-02-10,0.28000000000000114,0.28000000000000114,False
2019-02-11,0.0,0.0,False
2019-02-12,0.12000000000000455,0.1600000000000037,True
2019-02-13,4.329999999999998,4.449999999999996,True
2019-02-14,1.8500000000000014,1.7700000000000031,True
2019-02-15,0.6699999999999946,0.5899999999999963,True
2019-02-16,0.3200000000000003,0.0,True
2019-02-19,0.23000000000000398,0.0,True
2019-02-20,0.0,0.0,False
2019-02-21,0.0,0.0,False
2019-02-22,0.0,0.0,False
2019-02-23,0.0,0.0,False
2019-02-24,0.0,0.0,False
2019-02-25,0.0,0.0,False
2019-02-26,0.9099999999999966,1.0700000000000003,True
2019-02-27,2.0900000000000034,1.9699999999999989,True
2019-02-28,0.11999999999999744,0.0800000000000054,True
2019-03-01,0.0,0.03999999999999915,True
2019-03-02,1.4200000000000017,1.4099999999999966,True
2019-03-03,0.4299999999999997,0.3999999999999986,True
2019-03-04,0.0,0.0,False
2019-03-05,0.5499999999999972,0.5900000000000034,True
2019-03-06,2.3600000000000065,2.3200000000000003,True
2019-03-07,0.11999999999999744,0.11999999999999744,False
2019-03-08,0.03999999999999915,0.03999999999999915,False
2019-03-09,0.6300000000000026,0.6700000000000017,True
2019-03-10,0.46999999999999886,0.4299999999999997,True
2019-03-11,0.0,0.0,False
2019-03-12,0.0,0.0,False
2019-03-13,0.0,0.0,False
2019-03-14,0.0,0.0,False
2019-03-15,0.0,0.0,False
2019-03-16,0.0,0.0,False
2019-03-17,0.0,0.0,False
2019-03-18,0.0,0.0,False
2019-03-19,0.0,0.0,False
2019-03-20,0.6400000000000006,0.6400000000000006,False
2019-03-21,0.0,0.0,False
2019-03-22,0.07000000000000028,0.07000000000000028,False
2019-03-23,0.4399999999999977,0.4399999999999977,False
2019-03-24,0.0,0.0,False
2019-03-25,0.3500000000000014,0.39000000000000057,True
2019-03-26,0.1599999999999966,0.12000000000000455,True
2019-03-27,0.5500000000000043,0.5499999999999972,True
2019-03-28,0.1599999999999966,0.1600000000000037,True
2019-03-29,0.0,0.0,False
2019-03-30,0.0,0.0,False
2019-03-31,0.0,0.0,False
2019-04-01,0.03999999999999915,0.03999999999999915,False
2019-04-02,0.39000000000000057,0.4299999999999997,True
2019-04-03,0.03999999999999915,0.0,True
2019-04-04,0.240000000000002,0.23999999999999488,True
2019-04-05,0.20000000000000284,0.20000000000000284,False
2019-04-06,0.07000000000000028,0.07000000000000028,False
2019-04-07,0.0,0.0,False
2019-04-08,0.0,0.0,False
2019-04-09,0.0,0.0,False
2019-04-10,0.0,0.0,False
2019-04-11,0.0,0.0,False
2019-04-12,0.0,0.0,False
2019-04-13,0.0,0.0,False
2019-04-14,0.0,0.0,False
2019-04-15,0.0799999999999983,0.0799999999999983,False
2019-04-16,0.03999999999999915,0.03999999999999915,False
2019-04-17,0.0,0.0,False
2019-04-18,0.0,0.0,False
2019-04-19,0.0,0.0,False
2019-04-20,0.0,0.0,False
2019-04-21,0.0,0.0,False
2019-04-22,0.0,0.0,False
2019-04-23,0.0,0.0,False
2019-04-24,0.0,0.0,False
2019-04-25,0.0,0.0,False
2019-04-26,0.0,0.0,False
2019-04-27,0.0,0.0,False
2019-04-28,0.0,0.0,False
2019-04-29,0.0,0.0,False
2019-04-30,0.0,0.0,False
2019-05-01,0.0,0.0,False
2019-05-02,0.0,0.0,False
2019-05-03,0.0,0.0,False
2019-05-04,0.0,0.0,False
2019-05-05,0.0,0.0,False
2019-05-06,0.0,0.0,False
2019-05-07,0.0,0.0,False
2019-05-08,0.0,0.0,False
2019-05-09,0.0,0.0,False
2019-05-10,0.0,0.0,False
2019-05-11,0.0,0.0,False
2019-05-12,0.0,0.0,False
2019-05-13,0.0,0.0,False
2019-05-14,0.0,0.0,False
2019-05-15,1.6199999999999974,1.740000000000002,True
2019-05-16,0.46999999999999886,0.3500000000000014,True
2019-05-17,0.0,0.0,False
2019-05-18,0.9100000000000037,0.9799999999999969,True
2019-05-19,0.7100000000000009,0.6400000000000006,True
2019-05-20,0.0,0.0,False
2019-05-21,0.10999999999999943,0.10999999999999943,False
2019-05-22,0.0,0.0,False
2019-05-23,0.0,0.0,False
2019-05-24,0.0,0.0,False
2019-05-25,0.0,0.0,False
2019-05-26,0.20000000000000284,0.20000000000000284,False
2019-05-27,0.0,0.0,False
2019-05-28,0.0,0.0,False
2019-05-29,0.0,0.0,False
2019-05-30,0.0,0.0,False
2019-05-31,0.0,0.0,False
2019-06-01,0.0,0.0,False
2019-06-02,0.0,0.0,False
2019-06-03,0.0,0.0,False
2019-06-04,0.0,0.0,False
2019-06-05,0.0,0.0,False
2019-06-06,0.0,0.0,False
2019-06-07,0.0,0.0,False
2019-06-08,0.0,0.0,False
2019-06-09,0.0,0.0,False
2019-06-10,0.0,0.0,False
2019-06-11,0.0,0.0,False
2019-06-12,0.0,0.0,False
2019-06-13,0.0,0.0,False
2019-06-14,0.0,0.0,False
2019-06-15,0.0,0.0,False
2019-06-16,0.0,0.0,False
2019-06-17,0.0,0.0,False
2019-06-18,0.0,0.0,False
2019-07-01,0.0,0.0,False
2019-07-02,0.0,0.0,False
2019-07-03,0.0,0.0,False
2019-07-04,0.0,0.0,False
2019-07-05,0.0,0.0,False
2019-07-25,0.0,0.0,False
2019-07-26,0.0,0.0,False
2019-07-27,0.0,0.0,False
2019-07-28,0.0,0.0,False
2019-07-29,0.0,0.0,False
2019-07-30,0.0,0.0,False
2019-07-31,0.0,0.0,False
2019-08-01,0.0,0.0,False
2019-08-02,0.0,0.0,False
2019-08-03,0.0,0.0,False
2019-08-04,0.0,0.0,False
2019-08-05,0.0,0.0,False
2019-08-06,0.0,0.0,False
2019-08-07,0.0,0.0,False
2019-08-08,0.0,0.0,False
2019-08-09,0.0,0.0,False
2019-08-10,0.0,0.0,False
2019-08-11,0.0,0.0,False
2019-08-12,0.0,0.0,False
2019-08-13,0.0,0.0,False
2019-08-14,0.0,0.0,False
2019-08-15,0.0,0.0,False
2019-08-16,0.0,0.0,False
2019-08-17,0.0,0.0,False
2019-08-18,0.0,0.0,False
2019-08-19,0.03999999999999915,0.03999999999999915,False
2019-08-20,0.0,0.0,False
2019-08-21,0.0,0.0,False
2019-08-22,0.0,0.0,False
2019-08-23,0.0,0.0,False
2019-08-24,0.0,0.0,False
2019-08-25,0.0,0.0,False
2019-08-26,0.0,0.0,False
2019-08-27,0.0,0.0,False
2019-08-28,0.0,0.0,False
2019-08-29,0.0,0.0,False
2019-08-30,0.0,0.0,False
2019-08-31,0.0,0.0,False
2019-09-01,0.0,0.0,False
2019-09-02,0.0,0.0,False
2019-09-03,0.0,0.0,False
2019-09-04,0.0,0.0,False
2019-09-05,0.0,0.0,False
2019-09-06,0.0,0.0,False
2019-09-07,0.0,0.0,False
2019-09-08,0.0,0.0,False
2019-09-09,0.0,0.0,False
2019-09-10,0.0,0.0,False
2019-09-11,0.0,0.0,False
2019-09-12,0.0,0.0,False
2019-09-13,0.0,0.0,False
2019-09-14,0.0,0.0,False
2019-09-15,0.0,0.0,False
2019-09-16,0.1599999999999966,0.1600000000000037,True
2019-09-17,0.0,0.0,False
2019-09-18,0.0,0.0,False
2019-09-19,0.0,0.0,False
2019-09-20,0.0,0.0,False
2019-09-21,0.0,0.0,False
2019-09-22,0.0,0.0,False
2019-09-23,0.0,0.0,False
2019-09-24,0.0,0.0,False
2019-09-25,0.0,0.0,False
2019-09-26,0.0,0.0,False
2019-09-27,0.0,0.0,False
2019-09-28,0.0,0.0,False
2019-09-29,0.0,0.0,False
2019-09-30,0.0,0.0,False
2019-10-01,0.0,0.0,False
2019-10-02,0.0,0.0,False
2019-10-03,-58.35,0.0,True
2019-10-04,0.0,0.0,False
2019-10-05,0.0,0.0,False
2019-10-06,0.0,0.0,False
2019-10-07,0.0,0.0,False
2019-10-08,0.0,0.0,False
2019-10-09,0.0,0.0,False
2019-10-10,0.0,0.0,False
2019-10-11,0.0,0.0,False
2019-10-12,0.0,0.0,False
2019-10-13,0.0,0.0,False
2019-10-14,0.0,0.0,False
2019-10-15,0.0,0.0,False
2019-10-16,0.0,0.0,False
2019-10-17,0.0,0.0,False
2019-10-18,0.0,0.0,False
2019-10-19,0.0,0.0,False
2019-10-20,0.0,0.0,False
2019-10-21,0.0,0.0,False
2019-10-22,0.0,0.0,False
2019-10-23,0.0,0.0,False
2019-10-24,0.0,0.0,False
2019-10-25,0.0,0.0,False
2019-10-26,0.0,0.0,False
2019-10-27,0.0,0.0,False
2019-10-28,0.0,0.0,False
2019-10-29,0.0,0.0,False
2019-10-30,0.0,0.0,False
2019-10-31,0.0,0.0,False
2019-11-01,0.0,0.0,False
2019-11-02,0.0,0.0,False
2019-11-03,0.0,0.0,False
2019-11-04,0.0,0.0,False
2019-11-05,0.0,0.0,False
2019-11-06,0.0,0.0,False
2019-11-07,0.0,0.0,False
2019-11-08,0.0,0.0,False
2019-11-09,0.0,0.0,False
2019-11-10,0.0,0.0,False
2019-11-11,0.0,0.0,False
2019-11-12,0.0,0.0,False
2019-11-13,0.0,0.0,False
2019-11-14,0.0,0.0,False
2019-11-15,0.0,0.0,False
2019-11-16,0.0,0.0,False
2019-11-17,0.0,0.0,False
2019-11-18,0.0,0.0,False
2019-11-19,0.0,0.0,False
2019-11-20,0.0,0.0,False
2019-11-21,0.0,0.0,False
2019-11-22,0.0,0.0,False
2019-11-23,0.0,0.0,False
2019-11-24,0.0,0.0,False
2019-11-25,0.0,0.0,False
2019-11-26,1.1400000000000001,1.14,True
2019-11-27,0.19999999999999996,0.20000000000000018,True
2019-11-28,0.08000000000000007,0.07999999999999985,True
2019-11-29,0.039999999999999813,0.040000000000000036,True
2019-11-30,0.8700000000000001,0.9500000000000002,True
2019-12-01,3.27,3.2699999999999996,True
2019-12-02,1.8499999999999996,1.7700000000000005,True
2019-12-03,0.040000000000000036,0.08000000000000007,True
2019-12-04,0.9000000000000004,0.8600000000000003,True
2019-12-05,0.03999999999999915,0.03999999999999915,False
2019-12-06,0.120000000000001,0.16000000000000014,True
2019-12-07,1.5,1.5,False
2019-12-08,0.8699999999999992,0.8300000000000001,True
2019-12-09,0.3100000000000005,0.3100000000000005,False
2019-12-10,0.16000000000000014,0.16000000000000014,False
2019-12-11,0.08000000000000007,0.08000000000000007,False
2019-12-12,0.11999999999999922,0.11999999999999922,False
2019-12-13,0.030000000000001137,0.02999999999999936,True
2019-12-14,0.03999999999999915,0.040000000000000924,True
2019-12-15,0.040000000000000924,0.03999999999999915,True
2019-12-16,0.0,0.0,False
2019-12-17,0.03999999999999915,0.040000000000000924,True
2019-12-18,0.040000000000000924,0.03999999999999915,True
2019-12-19,0.11999999999999922,0.120000000000001,True
2019-12-20,0.08000000000000007,0.08000000000000007,False
2019-12-21,0.040000000000000924,0.03999999999999915,True
2019-12-22,0.03999999999999915,0.040000000000000924,True
2019-12-23,0.03999999999999915,0.03999999999999915,False
2019-12-24,0.040000000000000924,0.040000000000000924,False
2019-12-25,0.08000000000000007,0.08000000000000007,False
2019-12-26,0.03999999999999915,0.03999999999999915,False
2019-12-27,0.030000000000001137,0.02999999999999936,True
2019-12-28,0.03999999999999915,0.040000000000000924,True
2019-12-29,0.040000000000000924,0.03999999999999915,True
2019-12-30,0.0,0.0,False
2019-12-31,0.03999999999999915,0.040000000000000924,True
2020-01-01,0.0,0.0,False
2020-01-02,0.040000000000000924,0.03999999999999915,True
2020-01-03,0.0,0.0,False
2020-01-04,0.0,0.0,False
2020-01-05,0.03999999999999915,0.040000000000000924,True
2020-01-06,0.0,0.0,False
2020-01-07,0.0,0.0,False
2020-01-08,0.0,0.0,False
2020-01-09,0.0,0.0,False
2020-01-10,0.040000000000000924,0.03999999999999915,True
2020-01-11,0.0,0.0,False
2020-01-12,0.0,0.0,False
2020-01-13,0.0,0.0,False
2020-01-14,0.0,0.0,False
2020-01-15,0.0,0.0,False
2020-01-16,0.0,0.0,False
2020-01-17,0.03999999999999915,0.040000000000000924,True
2020-01-18,0.0,0.0,False
2020-01-19,0.0,0.0,False
2020-01-20,0.0,0.0,False
2020-01-21,0.0,0.0,False
2020-01-22,0.0,0.0,False
2020-01-23,0.040000000000000924,0.03999999999999915,True
2020-01-24,0.0,0.0,False
2020-01-25,0.0,0.0,False
2020-01-26,0.0,0.0,False
2020-01-27,0.0,0.0,False
2020-01-28,0.0,0.0,False
2020-01-29,0.0,0.0,False
2020-01-30,0.0,0.0,False
2020-01-31,0.03999999999999915,0.040000000000000924,True
2020-02-01,0.0,0.0,False
2020-02-02,0.0,0.0,False
2020-02-03,0.0,0.0,False
2020-02-04,0.0,0.0,False
2020-02-05,0.0,0.0,False
2020-02-06,0.0,0.0,False
2020-02-07,0.0,0.0,False
2020-02-08,0.0,0.0,False
2020-02-09,0.0,0.0,False
2020-02-10,0.0,0.0,False
2020-02-11,0.0,0.0,False
2020-02-12,0.0,0.0,False
2020-02-13,0.0,0.0,False
2020-02-14,0.0,0.0,False
2020-02-15,0.0,0.0,False
2020-02-16,0.0,0.0,False
2020-02-17,0.0,0.0,False
2020-02-18,0.0,0.0,False
2020-02-19,0.0,0.0,False
2020-02-20,0.0,0.0,False
2020-02-21,0.0,0.0,False
2020-02-22,0.0,0.0,False
2020-02-23,0.0,0.0,False
2020-02-24,0.0,0.0,False
2020-02-25,0.0,0.0,False
2020-02-26,0.0,0.0,False
2020-02-27,0.0,0.0,False
2020-02-28,0.0,0.0,False
2020-02-29,0.0,0.0,False
2020-03-01,0.0,0.0,False
2020-03-02,0.0,0.0,False
2020-03-03,0.0,0.0,False
2020-03-04,0.0,0.0,False
2020-03-05,0.0,0.0,False
2020-03-06,0.0,0.0,False
2020-03-07,0.040000000000000924,0.03999999999999915,True
2020-03-08,0.0,0.0,False
2020-03-09,0.0,0.0,False
2020-03-10,0.0,0.0,False
2020-03-11,0.0,0.0,False
2020-03-12,0.0,0.0,False
2020-03-13,0.0,0.0,False
2020-03-14,0.5899999999999999,0.6300000000000008,True
2020-03-15,1.2599999999999998,1.2199999999999989,True
2020-03-16,0.7099999999999991,0.7100000000000009,True
2020-03-17,0.5099999999999998,0.5099999999999998,False
2020-03-18,0.1999999999999993,0.20000000000000107,True
2020-03-19,0.120000000000001,0.11999999999999744,True
2020-03-20,0.0,0.0,False
2020-03-21,0.0,0.0,False
2020-03-22,0.0,0.0,False
2020-03-23,0.03999999999999915,0.0400000000000027,True
2020-03-24,0.0,0.0,False
2020-03-25,0.0,0.0,False
2020-03-26,0.0400000000000027,0.03999999999999915,True
2020-03-27,0.07000000000000028,0.07000000000000028,False
2020-03-28,0.0799999999999983,0.0799999999999983,False
2020-03-29,0.0799999999999983,0.08000000000000185,True
2020-03-30,0.0400000000000027,0.03999999999999915,True
2020-03-31,0.03999999999999915,0.03999999999999915,False
2020-04-01,0.0,0.0,False
2020-04-02,0.0,0.0,False
2020-04-03,0.0,0.0,False
2020-04-04,0.28000000000000114,0.3200000000000003,True
2020-04-05,3.0299999999999976,2.990000000000002,True
2020-04-06,0.3200000000000003,0.3200000000000003,False
2020-04-07,0.03999999999999915,0.03999999999999915,False
2020-04-08,0.0,0.0,False
2020-04-09,0.15000000000000213,0.14999999999999858,True
2020-04-10,0.0,0.0,False
2020-04-11,0.0,0.0,False
2020-04-12,0.0,0.0,False
2020-04-13,0.0,0.0,False
2020-04-14,0.0,0.0,False
2020-04-15,0.0,0.0,False
2020-04-16,0.0,0.0,False
2020-04-17,0.0,0.0,False
2020-04-18,0.0,0.0,False
2020-04-19,0.0,0.0,False
2020-04-20,0.0,0.0,False
2020-04-21,0.0,0.0,False
2020-04-22,0.0,0.0,False
2020-04-23,0.0,0.0,False
2020-04-24,0.0,0.0,False
2020-04-25,0.0,0.0,False
2020-04-26,0.0,0.0,False
2020-04-27,0.0,0.0,False
2020-04-28,0.0,0.0,False
2020-04-29,0.0,0.0,False
2020-04-30,0.0,0.0,False
2020-05-01,0.0,0.0,False
2020-05-02,0.0,0.0,False
2020-05-03,0.0,0.0,False
2020-05-04,0.0,0.0,False
2020-05-05,0.0,0.0,False
2020-05-06,0.0,0.0,False
2020-05-07,0.0,0.0,False
2020-05-08,0.0,0.0,False
2020-05-09,0.0,0.0,False
2020-05-10,0.0,0.0,False
2020-05-11,0.120000000000001,0.120000000000001,False
2020-05-12,0.03999999999999915,0.03999999999999915,False
2020-05-13,0.03999999999999915,0.03999999999999915,False
2020-05-14,0.0,0.0,False
2020-05-15,0.0,0.0,False
2020-05-16,0.0,0.0,False
2020-05-17,0.6700000000000017,0.6700000000000017,False
2020-05-18,0.509999999999998,0.5100000000000016,True
2020-05-19,0.0,0.0,False
2020-05-20,0.0,0.0,False
2020-05-21,0.0,0.0,False
2020-05-22,0.0,0.0,False
2020-05-23,0.0,0.0,False
2020-05-24,0.0,0.0,False
2020-05-25,0.0,0.0,False
2020-05-26,0.0,0.0,False
2020-05-27,0.0,0.0,False
2020-05-28,0.0,0.0,False
2020-05-29,0.0,0.0,False
2020-05-30,0.03999999999999915,0.03999999999999915,False
2020-05-31,0.0400000000000027,0.03999999999999915,True
2020-06-01,0.0,0.0,False
2020-06-02,0.0,0.0,False
2020-06-03,0.0,0.0,False
2020-06-04,0.0,0.0,False
2020-06-05,0.0,0.0,False
2020-06-06,0.0,0.0,False
2020-06-07,0.0,0.0,False
2020-06-08,0.0,0.0,False
2020-06-09,0.0,0.0,False
2020-06-10,0.0,0.0,False
2020-06-11,0.0,0.0,False
2020-06-12,0.0,0.0,False
2020-06-13,0.0,0.0,False
2020-06-14,0.0,0.0,False
2020-06-15,0.0,0.0,False
2020-06-16,0.0,0.0,False
2020-06-17,0.0,0.0,False
2020-06-18,0.0,0.0,False
2020-06-19,0.0,0.0,False
2020-06-20,0.0,0.0,False
2020-06-21,0.0,0.0,False
2020-06-22,0.0,0.0,False
2020-06-23,0.0,0.0,False
2020-06-24,0.0,0.0,False
2020-06-25,0.0,0.0,False
2020-06-26,0.0,0.0,False
2020-06-27,0.0,0.0,False
2020-06-28,0.0,0.0,False
2020-06-29,0.0,0.0,False
2020-06-30,0.0,0.0,False
2020-07-01,0.0,0.0,False
2020-07-02,0.0,0.0,False
2020-07-03,0.0,0.0,False
2020-07-04,0.0,0.0,False
2020-07-05,0.0,0.0,False
2020-07-06,0.0,0.0,False
2020-07-07,0.0,0.0,False
2020-07-08,0.0,0.0,False
2020-07-09,0.0,0.0,False
2020-07-10,0.0,0.0,False
2020-07-11,0.0,0.0,False
2020-07-12,0.0,0.0,False
2020-07-13,0.0,0.0,False
2020-07-14,0.0,0.0,False
2020-07-15,0.0,0.0,False
2020-07-16,0.0,0.0,False
2020-07-17,0.0,0.0,False
2020-07-18,0.0,0.0,False
2020-07-19,0.0,0.0,False
2020-07-20,0.0,0.0,False
2020-07-21,0.0,0.0,False
2020-07-22,0.0,0.0,False
2020-07-23,0.0,0.0,False
2020-07-24,0.0,0.0,False
2020-07-25,0.0,0.0,False
2020-07-26,0.0,0.0,False
2020-07-27,0.0,0.0,False
2020-07-28,0.0,0.0,False
2020-07-29,0.0,0.0,False
2020-07-30,0.0,0.0,False
2020-07-31,0.0,0.0,False
2020-08-01,0.0,0.0,False
2020-08-02,0.0,0.0,False
2020-08-03,0.0,0.0,False
2020-08-04,0.0,0.0,False
2020-08-05,0.0,0.0,False
2020-08-06,0.0,0.0,False
2020-08-07,0.0,0.0,False
2020-08-08,0.0,0.0,False
2020-08-09,0.0,0.0,False
2020-08-10,0.0,0.0,False
2020-08-11,0.0,0.0,False
2020-08-12,0.0,0.0,False
2020-08-13,0.0,0.0,False
2020-08-14,0.0,0.0,False
2020-08-15,0.0,0.0,False
2020-08-16,0.0,0.0,False
2020-08-17,0.0,0.0,False
2020-08-18,0.0,0.0,False
2020-08-19,0.0,0.0,False
2020-08-20,0.0,0.0,False
2020-08-21,0.0,0.0,False
2020-08-22,0.0,0.0,False
2020-08-23,0.0,0.0,False
2020-08-24,0.0,0.0,False
2020-08-25,0.0,0.0,False
2020-08-26,0.0,0.0,False
2020-08-27,0.0,0.0,False
2020-08-28,0.0,0.0,False
2020-08-29,0.0,0.0,False
2020-08-30,0.0,0.0,False
2020-08-31,0.0,0.0,False
2020-09-01,0.0,0.0,False
2020-09-02,0.0,0.0,False
2020-09-03,0.0,0.0,False
2020-09-04,0.0,0.0,False
2020-09-05,0.0,0.0,False
2020-09-06,0.0,0.0,False
2020-09-07,0.0,0.0,False
2020-09-08,0.0,0.0,False
2020-09-09,0.0,0.0,False
2020-09-10,0.0,0.0,False
2020-09-11,0.0,0.0,False
2020-09-12,0.0,0.0,False
2020-09-13,0.0,0.0,False
2020-09-14,0.0,0.0,False
2020-09-15,0.0,0.0,False
2020-09-16,0.0,0.0,False
2020-09-17,0.0,0.0,False
2020-09-18,0.0,0.0,False
2020-09-19,0.0,0.0,False
2020-09-20,0.0,0.0,False
2020-09-21,0.0,0.0,False
2020-09-22,0.0,0.0,False
2020-09-23,0.1999999999999993,0.1999999999999993,False
2020-09-24,0.0,0.0,False
2020-09-25,0.0,0.0,False
2020-09-26,0.0,0.0,False
2020-09-27,0.0,0.0,False
2020-09-28,0.0,0.0,False
2020-09-29,0.0,0.0,False
2020-09-30,0.0,0.0,False
2020-10-01,0.0,0.0,False
2020-10-02,-22.03,0.0,True
2020-10-03,0.0,0.0,False
2020-10-04,0.0,0.0,False
2020-10-05,-0.11,0.0,True
2020-10-06,0.0,0.0,False
2020-10-07,0.0,0.0,False
2020-10-08,0.0,0.0,False
2020-10-09,0.0,0.0,False
2020-10-10,0.0,0.0,False
2020-10-11,0.0,0.0,False
2020-10-12,0.0,0.0,False
2020-10-13,0.0,0.0,False
2020-10-14,0.0,0.0,False
2020-10-15,0.0,0.0,False
2020-10-16,0.0,0.0,False
2020-10-17,0.0,0.0,False
2020-10-18,0.0,0.0,False
2020-10-19,0.0,0.0,False
2020-10-20,0.0,0.0,False
2020-10-21,0.0,0.0,False
2020-10-22,0.0,0.0,False
2020-10-23,0.0,0.0,False
2020-10-24,0.0,0.0,False
2020-10-25,0.0,0.0,False
2020-10-26,0.0,0.0,False
2020-10-27,0.0,0.0,False
2020-10-28,0.0,0.0,False
2020-10-29,0.0,0.0,False
2020-10-30,0.0,0.0,False
2020-10-31,0.0,0.0,False
2020-11-01,0.0,0.0,False
2020-11-02,0.0,0.0,False
2020-11-03,0.0,0.0,False
2020-11-04,0.0,0.0,False
2020-11-05,0.0,0.0,False
2020-11-06,0.0,0.0,False
2020-11-07,0.03,0.03,False
2020-11-08,0.0,0.0,False
2020-11-09,0.0,0.0,False
2020-11-10,0.0,0.0,False
2020-11-11,0.0,0.0,False
2020-11-12,0.0,0.0,False
2020-11-13,0.2,0.2,False
2020-11-14,0.0,0.0,False
2020-11-15,0.0,0.0,False
2020-11-16,0.0,0.0,False
2020-11-17,1.3800000000000001,1.42,True
2020-11-18,0.7499999999999998,0.71,True
2020-11-19,0.0,0.0,False
2020-11-20,0.0,0.0,False
2020-11-21,0.0,0.0,False
2020-11-22,0.0,0.0,False
2020-11-23,0.0,0.0,False
2020-11-24,0.0,0.0,False
2020-11-25,0.0,0.0,False
2020-11-26,0.0,0.0,False
2020-11-27,0.0,0.0,False
2020-11-28,0.0,0.0,False
2020-11-29,0.0,0.0,False
2020-11-30,0.0,0.0,False
2020-12-01,0.0,0.0,False
2020-12-02,0.0,0.0,False
2020-12-03,0.0,0.0,False
2020-12-04,0.0,0.0,False
2020-12-05,0.0,0.0,False
2020-12-06,0.0,0.0,False
2020-12-07,0.0,0.0,False
2020-12-08,0.0,0.0,False
2020-12-09,0.0,0.0,False
2020-12-10,0.0,0.0,False
2020-12-11,0.27,0.31000000000000005,True
2020-12-12,0.08000000000000007,0.040000000000000036,True
2020-12-13,0.75,0.75,False
2020-12-14,0.040000000000000036,0.040000000000000036,False
2020-12-15,0.0,0.0,False
2020-12-16,0.0,0.0,False
2020-12-17,0.2400000000000002,0.2400000000000002,False
2020-12-18,0.0,0.0,False
2020-12-19,0.0,0.0,False
2020-12-20,0.0,0.0,False
2020-12-21,0.0,0.0,False
2020-12-22,0.0,0.0,False
2020-12-23,0.0,0.0,False
2020-12-24,0.0,0.0,False
2020-12-25,0.46999999999999975,0.46999999999999975,False
2020-12-26,0.08000000000000007,0.08000000000000007,False
2020-12-27,0.0,0.0,False
2020-12-28,0.08000000000000007,0.08000000000000007,False
2020-12-29,0.0,0.0,False
2020-12-30,0.0,0.0,False
2020-12-31,0.08000000000000007,0.08000000000000007,False
2021-01-01,0.0,0.0,False
2021-01-02,0.14999999999999947,0.14999999999999947,False
2021-01-03,0.040000000000000036,0.040000000000000036,False
2021-01-04,0.6299999999999999,0.6299999999999999,False
2021-01-05,0.0,0.0,False
2021-01-06,0.0,0.0,False
2021-01-07,0.0,0.0,False
2021-01-08,0.0,0.0,False
2021-01-09,0.0,0.0,False
2021-01-10,0.0,0.0,False
2021-01-11,0.0,0.0,False
2021-01-12,0.0,0.0,False
2021-01-13,0.0,0.0,False
2021-01-14,0.0,0.0,False
2021-01-15,0.0,0.0,False
2021-01-16,0.0,0.0,False
2021-01-17,0.0,0.0,False
2021-01-18,0.0,0.0,False
2021-01-19,0.0,0.0,False
2021-01-20,0.0,0.0,False
2021-01-21,0.0,0.0,False
2021-01-22,0.3600000000000003,0.3600000000000003,False
2021-01-23,0.0,0.0,False
2021-01-24,0.2400000000000002,0.2400000000000002,False
2021-01-25,0.0,0.0,False
2021-01-26,0.7800000000000002,1.0599999999999996,True
2021-01-27,3.549999999999999,3.3499999999999996,True
2021-01-28,4.210000000000001,4.130000000000001,True
2021-01-29,0.16000000000000014,0.16000000000000014,False
2021-01-30,0.0,0.0,False
2021-01-31,0.0,0.0,False
2021-02-01,0.3200000000000003,0.3200000000000003,False
2021-02-02,0.6699999999999999,0.6699999999999999,False
2021-02-03,0.0,0.0,False
2021-02-04,0.0,0.0,False
2021-02-05,0.0,0.0,False
2021-02-06,0.0,0.0,False
2021-02-07,0.0,0.0,False
2021-02-08,0.0,0.0,False
2021-02-09,0.0,0.0,False
2021-02-10,0.0,0.0,False
2021-02-11,0.34999999999999964,0.34999999999999964,False
2021-02-12,0.0,0.0,False
2021-02-13,0.03999999999999915,0.03999999999999915,False
2021-02-14,0.040000000000000924,0.040000000000000924,False
2021-02-15,0.040000000000000924,0.040000000000000924,False
2021-02-16,0.0,0.0,False
2021-02-17,0.0,0.0,False
2021-02-18,0.0,0.0,False
2021-02-19,0.0,0.0,False
2021-02-20,0.03999999999999915,0.03999999999999915,False
2021-02-21,0.0,0.0,False
2021-02-22,0.0,0.0,False
2021-02-23,0.0,0.0,False
2021-02-24,0.0,0.0,False
2021-02-25,0.0,0.0,False
2021-02-26,0.0,0.0,False
2021-02-28,0.0,0.0,False
2021-03-01,0.0,0.0,False
2021-03-02,0.0,0.0,False
2021-03-03,0.0,0.0,False
2021-03-04,0.0,0.0,False
2021-03-06,0.16000000000000014,0.08000000000000185,True
2021-03-07,0.0,0.0,False
2021-03-08,0.0,0.0,False
2021-03-09,0.8200000000000003,0.8200000000000003,False
2021-03-10,0.1999999999999993,0.0,True
2021-03-11,0.4299999999999997,0.0,True
2021-03-12,0.0,0.0,False
2021-03-13,0.0,0.0,False
2021-03-14,0.28000000000000114,0.35999999999999943,True
2021-03-15,0.11999999999999744,0.03999999999999915,True
2021-03-16,0.0,0.0,False
2021-03-17,0.0,0.0,False
2021-03-18,0.7900000000000027,0.7899999999999991,True
2021-03-19,0.0799999999999983,0.08000000000000185,True
2021-03-20,0.0,0.0,False
2021-03-21,0.0,0.0,False
2021-03-22,0.0,0.0,False
2021-03-23,0.0,0.0,False
2021-03-24,0.0,0.0,False
2021-03-25,0.0,0.0,False
2021-03-26,0.0,0.0,False
2021-03-27,0.0,0.0,False
2021-03-28,0.0,0.0,False
2021-03-29,0.07000000000000028,0.07000000000000028,False
2021-03-30,0.0,0.0,False
2021-03-31,0.0,0.0,False
2021-04-01,0.0,0.0,False
2021-04-02,0.0,0.0,False
2021-04-03,0.0,0.0,False
2021-04-04,0.0,0.0,False
2021-04-05,0.0,0.0,False
2021-04-06,0.0,0.0,False
2021-04-07,0.0,0.0,False
2021-04-08,0.0,0.0,False
2021-04-09,0.0,0.0,False
2021-04-10,0.0,0.0,False
2021-04-11,0.0,0.0,False
2021-04-12,0.0,0.0,False
2021-04-13,0.0,0.0,False
2021-04-14,0.0,0.0,False
2021-04-16,0.0,0.0,False
2021-04-17,0.0,0.0,False
2021-04-18,0.0,0.0,False
2021-04-19,0.0,0.0,False
2021-04-20,0.0,0.0,False
2021-04-21,0.0,0.0,False
2021-04-22,0.0,0.0,False
2021-04-23,0.0,0.0,False
2021-04-24,0.0,0.0,False
2021-04-25,0.03999999999999915,0.03999999999999915,False
2021-04-26,0.0,0.0,False
2021-04-27,0.0,0.0,False
2021-04-28,0.0,0.0,False
2021-04-29,0.0,0.0,False
2021-04-30,0.0,0.0,False
2021-05-01,0.0,0.0,False
2021-05-02,0.0,0.0,False
2021-05-03,0.0,0.0,False
2021-05-04,0.0,0.0,False
2021-05-05,0.0,0.0,False
2021-05-06,0.0,0.0,False
2021-05-07,0.0,0.0,False
2021-05-08,0.0,0.0,False
2021-05-09,0.0,0.0,False
2021-05-10,0.0,0.0,False
2021-05-11,0.0,0.0,False
2021-05-12,0.0,0.0,False
2021-05-13,0.0,0.0,False
2021-05-14,0.0,0.0,False
2021-05-15,0.0,0.0,False
2021-05-16,0.0,0.0,False
2021-05-17,0.0,0.0,False
2021-05-18,0.0,0.0,False
2021-05-19,0.0,0.0,False
2021-05-20,0.0,0.0,False
2021-05-21,0.0,0.0,False
2021-05-22,0.0,0.0,False
2021-05-23,0.0,0.0,False
2021-05-24,0.0,0.0,False
2021-05-25,0.0,0.0,False
2021-05-26,0.0,0.0,False
2021-05-27,0.0,0.0,False
2021-05-28,0.0,0.0,False
2021-05-29,0.0,0.0,False
2021-05-30,0.0,0.0,False
2021-05-31,0.0,0.0,False
2021-06-01,0.0,0.0,False
2021-06-02,0.0,0.0,False
2021-06-03,0.0,0.0,False
2021-06-04,0.0,0.0,False
2021-06-05,0.0,0.0,False
2021-06-06,0.0,0.0,False
2021-06-07,0.0,0.0,False
2021-06-08,0.0,0.0,False
2021-06-09,0.0,0.0,False
2021-06-10,0.0,0.0,False
2021-06-11,0.0,0.0,False
2021-06-12,0.0,0.0,False
2021-06-13,0.0,0.0,False
2021-06-14,0.0,0.0,False
2021-06-15,0.0,0.0,False
2021-06-16,0.0,0.0,False
2021-06-17,0.0,0.0,False
2021-06-18,0.0,0.0,False
2021-06-19,0.0,0.0,False
2021-06-20,0.0,0.0,False
2021-06-21,0.0,0.0,False
2021-06-22,0.0400000000000027,0.03999999999999915,True
2021-06-23,0.03999999999999915,0.0400000000000027,True
2021-06-24,0.0,0.0,False
2021-06-25,0.0,0.0,False
2021-06-26,0.0,0.0,False
2021-06-27,0.0,0.0,False
2021-06-28,0.0,0.0,False
2021-06-29,0.0,0.0,False
2021-06-30,0.0,0.0,False
2021-07-01,0.0,0.0,False
2021-07-02,0.0,0.0,False
2021-07-03,0.0,0.0,False
2021-07-04,0.0,0.0,False
2021-07-05,0.0,0.0,False
2021-07-06,0.0,0.0,False
2021-07-07,0.0,0.0,False
2021-07-08,0.0,0.0,False
2021-07-09,0.0,0.0,False
2021-07-10,0.0,0.0,False
2021-07-11,0.0,0.0,False
2021-07-12,0.0,0.0,False
2021-07-13,0.0,0.0,False
2021-07-14,0.0,0.0,False
2021-07-15,0.0,0.0,False
2021-07-16,0.0,0.0,False
2021-07-17,0.0,0.0,False
2021-07-18,0.0,0.0,False
2021-07-19,0.0,0.0,False
2021-07-20,0.0,0.0,False
2021-07-21,0.0,0.0,False
2021-07-22,0.0,0.0,False
2021-07-23,0.0,0.0,False
2021-07-24,0.0,0.0,False
2021-07-25,0.0,0.0,False
2021-07-26,0.0,0.0,False
2021-07-27,0.0,0.0,False
2021-07-28,0.0,0.0,False
2021-07-29,0.0,0.0,False
2021-07-30,0.0,0.0,False
2021-07-31,0.0,0.0,False
2021-08-01,0.0,0.0,False
2021-08-02,0.0,0.0,False
2021-08-03,0.0,0.0,False
2021-08-04,0.0,0.0,False
2021-08-05,0.0,0.0,False
2021-08-06,0.0,0.0,False
2021-08-07,0.0,0.0,False
2021-08-08,0.0,0.0,False
2021-08-09,0.0,0.0,False
2021-08-10,0.0,0.0,False
2021-08-11,0.0,0.0,False
2021-08-12,0.0,0.0,False
2021-08-13,0.0,0.0,False
2021-08-14,0.0,0.0,False
2021-08-15,0.0,0.0,False
2021-08-16,0.0,0.0,False
2021-08-17,0.0,0.0,False
2021-08-18,0.0,0.0,False
2021-08-19,0.0,0.0,False
2021-08-20,0.0,0.0,False
2021-08-21,0.0,0.0,False
2021-08-22,0.0,0.0,False
2021-08-23,0.0,0.0,False
2021-08-24,0.0,0.0,False
2021-08-25,0.0,0.0,False
2021-08-26,0.0,0.0,False
2021-08-27,0.0,0.0,False
2021-08-28,0.0,0.0,False
2021-08-29,0.0,0.0,False
2021-08-30,0.0,0.0,False
2021-08-31,0.0,0.0,False
2021-09-01,0.0,0.0,False
2021-09-02,0.0,0.0,False
2021-09-03,0.0,0.0,False
2021-09-04,0.0,0.0,False
2021-09-05,0.0,0.0,False
2021-09-06,0.0,0.0,False
2021-09-07,0.0,0.0,False
2021-09-08,0.0,0.0,False
2021-09-09,0.0,0.0,False
2021-09-10,0.0,0.0,False
2021-09-11,0.0,0.0,False
2021-09-12,0.0,0.0,False
2021-09-13,0.0,0.0,False
2021-09-14,0.0,0.0,False
2021-09-15,0.0,0.0,False
2021-09-16,0.0,0.0,False
2021-09-17,0.0,0.0,False
2021-09-18,0.0,0.0,False
2021-09-19,0.0,0.0,False
2021-09-20,0.0,0.0,False
2021-09-21,0.0,0.0,False
2021-09-22,0.0,0.0,False
2021-09-23,0.0,0.0,False
2021-09-24,0.0,0.0,False
2021-09-25,0.0,0.0,False
2021-09-26,0.0,0.0,False
2021-09-27,0.0,0.0,False
2021-09-28,0.0,0.0,False
2021-09-29,0.0,0.0,False
2021-09-30,0.0,0.0,False
2021-10-01,0.0,0.0,False
2021-10-02,0.0,0.0,False
2021-10-03,0.0,0.0,False
2021-10-04,-19.14,0.0,True
2021-10-05,0.0,0.0,False
2021-10-06,0.0,0.0,False
2021-10-07,0.0,0.0,False
2021-10-08,0.0,0.0,False
2021-10-09,0.0,0.0,False
2021-10-10,0.0,0.0,False
2021-10-11,0.0,0.0,False
2021-10-12,0.0,0.0,False
2021-10-13,0.0,0.0,False
2021-10-14,0.0,0.0,False
2021-10-15,0.0,0.0,False
2021-10-16,0.0,0.0,False
2021-10-17,0.0,0.0,False
2021-10-18,0.0,0.0,False
2021-10-19,0.0,0.0,False
2021-10-20,0.7,0.7,False
2021-10-21,0.40000000000000013,0.40000000000000013,False
2021-10-22,0.5899999999999999,0.5899999999999999,False
2021-10-23,0.040000000000000036,0.08000000000000007,True
2021-10-24,5.75,5.83,True
2021-10-25,1.6999999999999993,1.58,True
2021-10-26,0.0,0.0,False
2021-10-27,0.0,0.0,False
2021-10-29,0.0,0.0,False
2021-10-30,0.0,0.0,False
2021-10-31,0.0,0.0,False
2021-11-01,0.7000000000000011,0.0,True
2021-11-02,0.08000000000000007,0.08000000000000007,False
2021-11-03,0.0,0.0,False
2021-11-04,0.0799999999999983,0.08000000000000007,True
2021-11-05,0.0,0.0,False
2021-11-06,0.0,0.0,False
2021-11-07,0.0,0.0,False
2021-11-08,0.120000000000001,0.1999999999999993,True
2021-11-09,1.1400000000000006,1.0600000000000005,True
2021-11-10,0.0,0.0,False
2021-11-11,0.0,0.0,False
2021-11-12,0.0,0.0,False
2021-11-13,0.0,0.0,False
2021-11-14,0.0,0.0,False
2021-11-15,0.0,0.0,False
2021-11-16,0.0,0.0,False
2021-11-17,0.0,0.0,False
2021-11-18,0.0,0.0,False
2021-11-19,0.0,0.0,False
2021-11-20,0.0,0.0,False
2021-11-21,0.0,0.0,False
2021-11-22,0.0,0.0,False
2021-11-23,0.0,0.0,False
2021-11-24,0.0,0.0,False
2021-11-25,0.0,0.0,False
2021-11-26,0.0,0.0,False
2021-11-27,0.0,0.0,False
2021-11-28,0.0,0.0,False
2021-11-29,0.0,0.0,False
2021-11-30,0.0,0.0,False
2021-12-01,0.0,0.0,False
2021-12-02,0.0,0.0,False
2021-12-03,0.0,0.0,False
2021-12-04,0.0,0.0,False
2021-12-05,0.0,0.0,False
2021-12-06,0.0,0.0,False
2021-12-07,0.08000000000000007,0.08000000000000007,False
2021-12-08,0.0,0.0,False
2021-12-09,0.15999999999999837,0.16000000000000014,True
2021-12-10,0.0,0.0,False
2021-12-11,0.0,0.0,False
2021-12-12,1.1000000000000014,1.2200000000000006,True
2021-12-13,7.489999999999998,7.369999999999999,True
2021-12-14,0.3500000000000014,0.3500000000000014,False
2021-12-15,0.9499999999999993,1.0700000000000003,True
2021-12-16,0.8999999999999986,0.7799999999999976,True
2021-12-17,0.0,0.0,False
2021-12-18,0.0,0.0,False
2021-12-19,0.0,0.0,False
2021-12-20,0.0,0.0,False
2021-12-21,0.240000000000002,0.240000000000002,False
2021-12-22,1.5,1.5799999999999983,True
2021-12-23,2.2399999999999984,2.16,True
2021-12-24,1.2300000000000004,1.2300000000000004,False
2021-12-25,1.3399999999999999,1.370000000000001,True
2021-12-26,0.4299999999999997,0.4399999999999977,True
2021-12-27,0.75,0.7100000000000009,True
2021-12-28,0.0400000000000027,0.08000000000000185,True
2021-12-29,1.2999999999999972,1.259999999999998,True
2021-12-30,0.0,0.0,False
2021-12-31,0.0,0.0,False
2022-01-01,0.0,0.0,False
2022-01-02,0.0,0.0,False
2022-01-03,0.4700000000000024,0.5100000000000016,True
2022-01-04,0.23999999999999844,0.1999999999999993,True
2022-01-05,0.0,0.0,False
2022-01-06,0.0,0.0,False
2022-01-07,0.0,0.0,False
2022-01-08,0.0,0.0,False
2022-01-09,0.0,0.0,False
2022-01-10,0.0,0.0,False
2022-01-11,0.0,0.0,False
2022-01-12,0.0,0.0,False
2022-01-13,0.0,0.0,False
2022-01-14,0.0,0.0,False
2022-01-15,0.0,0.0,False
2022-01-16,0.0,0.0,False
2022-01-17,0.0,0.0,False
2022-01-18,0.0,0.0,False
2022-01-19,0.0,0.0,False
2022-01-20,0.0,0.0,False
2022-01-21,0.0,0.0,False
2022-01-22,0.0,0.0,False
2022-01-23,0.0,0.0,False
2022-01-24,0.0,0.0,False
2022-01-25,0.0,0.0,False
2022-01-26,0.0,0.0,False
2022-01-27,0.0,0.0,False
2022-01-28,0.0,0.0,False
2022-01-29,0.0,0.0,False
2022-01-30,0.0,0.0,False
2022-01-31,0.0,0.0,False
2022-02-01,0.0,0.0,False
2022-02-02,0.0,0.0,False
2022-02-03,0.0,0.0,False
2022-02-04,0.0,0.0,False
2022-02-05,0.0,0.0,False
2022-02-06,0.0,0.0,False
2022-02-07,0.0,0.0,False
2022-02-08,0.0,0.0,False
2022-02-09,0.0,0.0,False
2022-02-10,0.0,0.0,False
2022-02-11,0.0,0.0,False
2022-02-12,0.0,0.0,False
2022-02-13,0.0,0.0,False
2022-02-14,0.0,0.0,False
2022-02-15,0.0,0.0,False
2022-02-16,0.0,0.0,False
2022-02-17,0.0,0.0,False
2022-02-18,0.0,0.0,False
2022-02-19,0.0,0.0,False
2022-02-20,0.0,0.0,False
2022-02-21,0.0,0.0,False
2022-02-22,0.03999999999999915,0.03999999999999915,False
2022-02-23,0.0,0.0,False
2022-02-24,0.0,0.0,False
2022-02-25,0.0,0.0,False
2022-02-26,0.0,0.0,False
2022-02-27,0.0,0.0,False
2022-02-28,0.0,0.0,False
2022-03-01,0.0,0.0,False
2022-03-02,0.0,0.0,False
2022-03-03,0.030000000000001137,0.030000000000001137,False
2022-03-04,0.0799999999999983,0.120000000000001,True
2022-03-05,0.0800000000000054,0.03999999999999915,True
2022-03-06,0.0,0.0,False
2022-03-07,0.0,0.0,False
2022-03-08,0.0,0.0,False
2022-03-09,0.0,0.0,False
2022-03-10,0.0,0.0,False
2022-03-11,0.0,0.0,False
2022-03-12,0.0,0.0,False
2022-03-13,0.0,0.0,False
2022-03-14,0.0,0.0,False
2022-03-15,0.0,0.0,False
2022-03-16,0.0,0.0,False
2022-03-17,0.0,0.0,False
2022-03-18,0.0,0.0,False
2022-03-19,0.19999999999999574,0.1999999999999993,True
2022-03-20,0.03999999999999915,0.03999999999999915,False
2022-03-21,0.0,0.0,False
2022-03-22,0.0,0.0,False
2022-03-23,0.0,0.0,False
2022-03-24,0.0,0.0,False
2022-03-25,0.0,0.0,False
2022-03-26,0.0,0.0,False
2022-03-27,0.8999999999999986,0.9800000000000004,True
2022-03-28,0.6400000000000006,0.5600000000000023,True
2022-03-29,0.0,0.0,False
2022-03-30,0.0,0.0,False
2022-03-31,0.0,0.0,False
2022-04-01,0.0,0.0,False
2022-04-02,0.0,0.0,False
2022-04-03,0.0,0.0,False
2022-04-04,0.0,0.0,False
2022-04-05,0.0,0.0,False
2022-04-06,0.0,0.0,False
2022-04-07,0.0,0.0,False
2022-04-08,0.0,0.0,False
2022-04-09,0.0,0.0,False
2022-04-10,0.0,0.0,False
2022-04-11,0.3100000000000023,0.30999999999999517,True
2022-04-12,0.0,0.0,False
2022-04-13,0.0,0.0,False
2022-04-14,0.03999999999999915,0.04000000000000625,True
2022-04-15,0.03999999999999915,0.03999999999999915,False
2022-04-16,1.2199999999999989,1.2199999999999989,False
2022-04-17,0.0,0.0,False
2022-04-18,0.04000000000000625,0.03999999999999915,True
2022-04-19,0.19999999999999574,0.20000000000000284,True
2022-04-20,0.03999999999999915,0.0799999999999983,True
2022-04-21,0.75,0.7100000000000009,True
2022-04-22,0.030000000000001137,0.030000000000001137,False
2022-04-23,0.0,0.0,False
2022-04-24,0.0,0.0,False
2022-04-25,0.0,0.0,False
2022-04-26,0.0,0.0,False
2022-04-27,0.0,0.0,False
2022-04-28,0.0,0.0,False
2022-04-29,0.0,0.0,False
2022-04-30,0.0,0.0,False
2022-05-01,0.0,0.0,False
2022-05-02,0.0,0.0,False
2022-05-03,0.0,0.0,False
2022-05-04,0.0,0.0,False
2022-05-05,0.0,0.0,False
2022-05-06,0.0,0.0,False
2022-05-07,0.0,0.0,False
2022-05-08,0.0,0.0,False
2022-05-09,0.0,0.0,False
2022-05-10,0.0,0.0,False
2022-05-11,0.0,0.0,False
2022-05-12,0.0,0.0,False
2022-05-13,0.0,0.0,False
2022-05-14,0.0,0.0,False
2022-05-15,0.0,0.0,False
2022-05-16,0.0,0.0,False
2022-05-17,0.0,0.0,False
2022-05-18,0.0,0.0,False
2022-05-19,0.0,0.0,False
2022-05-20,0.0,0.0,False
2022-05-21,0.0,0.0,False
2022-05-22,0.0,0.0,False
2022-05-23,0.0,0.0,False
2022-05-24,0.0,0.0,False
2022-05-25,0.0,0.0,False
2022-05-26,0.0,0.0,False
2022-05-27,0.0,0.0,False
2022-05-28,0.0,0.0,False
2022-05-29,0.0,0.0,False
2022-05-30,0.0,0.0,False
2022-05-31,0.0,0.0,False
2022-06-01,0.0,0.0,False
2022-06-02,0.0,0.0,False
2022-06-03,0.0,0.0,False
2022-06-04,0.0,0.0,False
2022-06-05,0.03999999999999915,0.03999999999999915,False
2022-06-06,0.0,0.0,False
2022-06-07,0.0,0.0,False
2022-06-08,0.0,0.0,False
2022-06-09,0.0,0.0,False
2022-06-10,0.0,0.0,False
2022-06-11,0.0,0.0,False
2022-06-12,0.0,0.0,False
2022-06-13,0.0,0.0,False
2022-06-14,0.0,0.0,False
2022-06-15,0.0,0.0,False
2022-06-16,0.0,0.0,False
2022-06-17,0.0,0.0,False
2022-06-18,0.0,0.0,False
2022-06-19,0.0,0.0,False
2022-06-20,0.0,0.0,False
2022-06-21,0.0,0.0,False
2022-06-22,0.0,0.0,False
2022-06-23,0.0,0.0,False
2022-06-24,0.0,0.0,False
2022-06-25,0.0,0.0,False
2022-06-26,0.0,0.0,False
2022-06-27,0.0,0.0,False
2022-06-28,0.0,0.0,False
2022-06-29,0.0,0.0,False
2022-06-30,0.0,0.0,False
2022-07-01,0.0,0.0,False
2022-07-02,0.0,0.0,False
2022-07-03,0.0,0.0,False
2022-07-04,0.0,0.0,False
2022-07-05,0.0,0.0,False
2022-07-06,0.0,0.0,False
2022-07-07,0.0,0.0,False
2022-07-08,0.0,0.0,False
2022-07-09,0.0,0.0,False
2022-07-10,0.0,0.0,False
2022-07-11,0.0,0.0,False
2022-07-12,0.0,0.0,False
2022-07-13,0.0,0.0,False
2022-07-14,0.0,0.0,False
2022-07-15,0.0,0.0,False
2022-07-16,0.0,0.0,False
2022-07-17,0.0,0.0,False
2022-07-18,0.0,0.0,False
2022-07-19,0.0,0.0,False
2022-07-20,0.0,0.0,False
2022-07-21,0.0,0.0,False
2022-07-22,0.0,0.0,False
2022-07-23,0.0,0.0,False
2022-07-24,0.0,0.0,False
2022-07-25,0.0,0.0,False
2022-07-26,0.0,0.0,False
2022-07-27,0.0,0.0,False
2022-07-28,0.0,0.0,False
2022-07-29,0.0,0.0,False
2022-07-30,0.0,0.0,False
2022-07-31,0.0,0.0,False
2022-08-01,0.0,0.0,False
2022-08-02,0.0,0.0,False
2022-08-03,0.0,0.0,False
2022-08-04,0.0,0.0,False
2022-08-05,0.0,0.0,False
2022-08-06,0.0,0.0,False
2022-08-07,0.0,0.0,False
2022-08-08,0.0,0.0,False
2022-08-09,0.0,0.0,False
2022-08-10,0.0,0.0,False
2022-08-11,0.0,0.0,False
2022-08-12,0.0,0.0,False
2022-08-13,0.0,0.0,False
2022-08-14,0.0,0.0,False
2022-08-15,0.0,0.0,False
2022-08-16,0.0,0.0,False
2022-08-17,0.0,0.0,False
2022-08-18,0.0,0.0,False
2022-08-19,0.0,0.0,False
2022-08-20,0.0,0.0,False
2022-08-21,0.0,0.0,False
2022-08-22,0.0,0.0,False
2022-08-23,0.0,0.0,False
2022-08-24,0.0,0.0,False
2022-08-25,0.0,0.0,False
2022-08-26,0.0,0.0,False
2022-08-27,0.0,0.0,False
2022-08-28,0.0,0.0,False
2022-08-29,0.0,0.0,False
2022-08-30,0.0,0.0,False
2022-08-31,0.0,0.0,False
2022-09-01,0.0,0.0,False
2022-09-02,0.0,0.0,False
2022-09-03,0.0,0.0,False
2022-09-04,0.0,0.0,False
2022-09-05,0.0,0.0,False
2022-09-06,0.0,0.0,False
2022-09-07,0.0,0.0,False
2022-09-08,0.0,0.0,False
2022-09-09,0.0,0.0,False
2022-09-10,0.0,0.0,False
2022-09-11,0.0,0.0,False
2022-09-12,0.0,0.0,False
2022-09-13,0.0,0.0,False
2022-09-14,0.0,0.0,False
2022-09-15,0.0,0.0,False
2022-09-16,0.0,0.0,False
2022-09-17,0.0,0.0,False
2022-09-18,1.8599999999999994,1.8599999999999994,False
2022-09-19,0.10999999999999943,0.10999999999999943,False
2022-09-20,0.0,0.0,False
2022-09-21,0.0,0.0,False
2022-09-22,0.0,0.0,False
2022-09-23,0.0,0.0,False
2022-09-24,0.0,0.0,False
2022-09-25,0.0,0.0,False
2022-09-26,0.0,0.0,False
2022-09-27,0.0,0.0,False
2022-09-28,0.0,0.0,False
2022-09-29,0.0,0.0,False
2022-09-30,0.0,0.0,False
2022-10-01,0.0,0.0,False
2022-10-02,0.0,0.0,False
2022-10-03,0.0,0.0,False
2022-10-04,0.0,0.0,False
2022-10-05,-38.8,0.0,True
2022-10-06,0.0,0.0,False
2022-10-07,0.0,0.0,False
2022-10-08,0.0,0.0,False
2022-10-09,0.0,0.0,False
2022-10-10,0.0,0.0,False
2022-10-11,0.0,0.0,False
2022-10-12,0.0,0.0,False
2022-10-13,0.0,0.0,False
2022-10-14,0.0,0.0,False
2022-10-15,0.0,0.0,False
2022-10-16,0.0,0.0,False
2022-10-17,0.0,0.0,False
2022-10-18,0.0,0.0,False
2022-10-19,0.0,0.0,False
2022-10-20,0.0,0.0,False
2022-10-21,0.0,0.0,False
2022-10-22,0.0,0.0,False
2022-10-23,0.0,0.0,False
2022-10-24,0.0,0.0,False
2022-10-25,0.0,0.0,False
2022-10-26,0.0,0.0,False
2022-10-27,0.0,0.0,False
2022-10-28,0.0,0.0,False
2022-10-29,0.0,0.0,False
2022-10-30,0.0,0.0,False
2022-10-31,0.0,0.0,False
2022-11-01,0.51,0.51,False
2022-11-02,0.0,0.0,False
2022-11-03,0.0,0.0,False
2022-11-04,0.0,0.0,False
2022-11-05,0.07999999999999996,0.07999999999999996,False
2022-11-06,0.15000000000000002,0.22999999999999998,True
2022-11-07,0.48,0.5100000000000001,True
2022-11-08,2.3600000000000003,2.25,True
2022-11-09,0.040000000000000036,0.040000000000000036,False
2022-11-10,0.0,0.0,False
2022-11-11,0.0,0.0,False
2022-11-12,0.0,0.0,False
2022-11-13,0.0,0.0,False
2022-11-14,0.0,0.0,False
2022-11-15,0.0,0.0,False
2022-11-16,0.0,0.0,False
2022-11-17,0.0,0.0,False
2022-11-18,0.0,0.0,False
2022-11-19,0.0,0.0,False
2022-11-20,0.0,0.0,False
2022-11-21,0.0,0.0,False
2022-11-22,0.0,0.0,False
2022-11-23,0.0,0.0,False
2022-11-24,0.0,0.0,False
2022-11-25,0.0,0.0,False
2022-11-26,0.0,0.0,False
2022-11-27,0.0,0.0,False
2022-11-28,0.0,0.0,False
2022-11-29,0.0,0.0,False
2022-11-30,0.0,0.0,False
2022-12-01,1.6899999999999995,1.6899999999999995,False
2022-12-02,0.0,0.0,False
2022-12-03,2.25,2.25,False
2022-12-04,0.1200000000000001,0.1200000000000001,False
2022-12-05,0.16000000000000014,0.23000000000000043,True
2022-12-06,0.5899999999999999,0.5199999999999996,True
2022-12-07,0.040000000000000924,0.040000000000000924,False
2022-12-08,0.06999999999999851,0.06999999999999851,False
2022-12-09,0.08000000000000007,0.08000000000000007,False
2022-12-10,4.140000000000001,4.1800000000000015,True
2022-12-11,1.3399999999999999,1.379999999999999,True
2022-12-12,0.120000000000001,0.040000000000000924,True
2022-12-13,0.0,0.0,False
2022-12-14,0.0,0.0,False
2022-12-15,0.0,0.0,False
2022-12-16,0.0,0.0,False
2022-12-17,0.0,0.0,False
2022-12-18,0.0,0.0,False
2022-12-19,0.0,0.0,False
2022-12-20,0.0,0.0,False
2022-12-21,0.0,0.0,False
2022-12-22,0.0,0.0,False
2022-12-23,0.0,0.0,False
2022-12-24,0.0,0.0,False
2022-12-25,0.0,0.0,False
2022-12-26,0.08000000000000007,0.08000000000000007,False
2022-12-27,3.0299999999999976,3.0299999999999976,False
2022-12-28,0.0400000000000027,0.0400000000000027,False
2022-12-29,0.5500000000000007,0.5899999999999999,True
2022-12-30,1.379999999999999,1.379999999999999,False
2022-12-31,5.16,5.120000000000001,True
2023-01-01,0.0,0.0,False
2023-01-02,0.3999999999999986,0.4399999999999977,True
2023-01-03,0.10999999999999943,0.07000000000000028,True
2023-01-04,2.7600000000000016,3.0400000000000027,True
2023-01-05,1.5799999999999983,1.2999999999999972,True
2023-01-06,0.0,0.0,False
2023-01-07,1.1000000000000014,1.2600000000000016,True
2023-01-08,1.6600000000000001,1.6099999999999994,True
2023-01-09,4.210000000000001,4.100000000000001,True
2023-01-10,1.0600000000000023,1.1000000000000014,True
2023-01-11,1.2299999999999969,1.1899999999999977,True
2023-01-12,0.0,0.0,False
2023-01-13,1.6899999999999977,1.7700000000000031,True
2023-01-14,3.5500000000000043,3.469999999999999,True
2023-01-15,0.9799999999999969,1.0599999999999952,True
2023-01-16,1.2199999999999989,1.1400000000000006,True
2023-01-17,0.0,0.0,False
2023-01-18,0.03999999999999915,0.1600000000000037,True
2023-01-19,0.1600000000000037,0.03999999999999915,True
2023-01-20,0.0,0.0,False
2023-01-21,0.0,0.0,False
2023-01-22,0.0,0.0,False
2023-01-23,0.0,0.0,False
2023-01-24,0.0,0.0,False
2023-01-25,0.0,0.0,False
2023-01-26,0.0,0.0,False
2023-01-27,0.0,0.0,False
2023-01-28,0.0,0.0,False
2023-01-29,0.03999999999999915,0.03999999999999915,False
2023-01-30,0.0,0.0,False
2023-01-31,0.0,0.0,False
2023-02-01,0.0,0.0,False
2023-02-02,0.0,0.0,False
2023-02-03,0.5900000000000034,0.5900000000000034,False
2023-02-04,1.5799999999999983,1.5799999999999983,False
2023-02-05,0.269999999999996,0.269999999999996,False
2023-02-06,0.0,0.0,False
2023-02-07,0.0,0.0,False
2023-02-08,0.0,0.0,False
2023-02-09,0.0,0.0,False
2023-02-10,0.0,0.0,False
2023-02-11,0.1600000000000037,0.1600000000000037,False
2023-02-12,0.0,0.0,False
2023-02-13,0.0,0.0,False
2023-02-14,0.0,0.0,False
2023-02-15,0.0,0.0,False
2023-02-16,0.0,0.0,False
2023-02-17,0.0,0.0,False
2023-02-18,0.0,0.0,False
2023-02-19,0.0,0.0,False
2023-02-20,0.0,0.0,False
2023-02-21,0.0,0.0,False
2023-02-22,0.0,0.0,False
2023-02-23,0.3500000000000014,0.4299999999999997,True
2023-02-24,1.2299999999999969,1.1499999999999986,True
2023-02-25,0.39000000000000057,0.39000000000000057,False
2023-02-26,1.0600000000000023,1.0600000000000023,False
2023-02-27,0.7899999999999991,0.7899999999999991,False
2023-02-28,1.2199999999999989,1.2199999999999989,False
2023-03-01,0.03999999999999915,0.03999999999999915,False
2023-03-02,0.0,0.0,False
2023-03-03,0.0,0.0,False
2023-03-04,0.240000000000002,0.240000000000002,False
2023-03-05,0.509999999999998,0.509999999999998,False
2023-03-06,0.0799999999999983,0.0799999999999983,False
2023-03-07,0.03999999999999915,0.03999999999999915,False
2023-03-08,0.2700000000000031,0.2700000000000031,False
2023-03-09,2.960000000000001,3.1199999999999974,True
2023-03-10,2.6400000000000006,2.520000000000003,True
2023-03-11,0.46999999999999886,0.46999999999999886,False
2023-03-12,0.990000000000002,0.9500000000000028,True
2023-03-13,0.30999999999999517,0.30999999999999517,False
2023-03-14,2.960000000000008,2.960000000000008,False
2023-03-15,0.0,0.0,False
2023-03-16,0.0,0.0,False
2023-03-17,0.0,0.0,False
2023-03-18,0.0,0.0,False
2023-03-19,0.5899999999999892,0.5899999999999892,False
2023-03-20,0.0,0.0,False
2023-03-21,2.910000000000011,2.950000000000003,True
2023-03-22,1.1099999999999994,1.0700000000000074,True
2023-03-23,0.0,0.0,False
2023-03-24,0.0,0.0,False
2023-03-25,0.0,0.0,False
2023-03-26,0.0,0.0,False
2023-03-27,0.0,0.0,False
2023-03-28,1.0999999999999943,1.0999999999999943,False
2023-03-29,1.1800000000000068,1.1800000000000068,False
2023-03-30,0.03999999999999204,0.03999999999999204,False
2023-03-31,0.0,0.0,False
2023-04-01,0.0,0.0,False
2023-04-02,0.0,0.0,False
2023-04-03,0.0,0.0,False
2023-04-04,0.0,0.0,False
2023-04-05,0.0,0.0,False
2023-04-06,0.0,0.0,False
2023-04-07,0.4000000000000057,0.4000000000000057,False
2023-04-08,0.030000000000001137,0.030000000000001137,False
2023-04-09,0.0,0.0,False
2023-04-10,0.0,0.0,False
2023-04-11,0.0,0.0,False
2023-04-12,0.0,0.0,False
2023-04-13,0.0,0.0,False
2023-04-14,0.0,0.0,False
2023-04-15,0.0,0.0,False
2023-04-16,0.0,0.0,False
2023-04-17,0.0,0.0,False
2023-04-18,0.0,0.0,False
2023-04-19,0.0,0.0,False
2023-04-20,0.0,0.0,False
2023-04-21,0.0,0.0,False
2023-04-22,0.0,0.0,False
2023-04-23,0.0,0.0,False
2023-04-24,0.0,0.0,False
2023-04-25,0.0,0.0,False
2023-04-26,0.0,0.0,False
2023-04-27,0.0,0.0,False
2023-04-28,0.0,0.0,False
2023-04-29,0.0,0.0,False
2023-04-30,0.0,0.0,False
2023-05-01,0.03999999999999204,0.0799999999999983,True
2023-05-02,0.6700000000000017,0.6700000000000017,False
2023-05-03,0.9099999999999966,0.8699999999999903,True
2023-05-04,0.2400000000000091,0.2400000000000091,False
2023-05-05,0.0799999999999983,0.0799999999999983,False
2023-05-06,0.18999999999999773,0.18999999999999773,False
2023-05-07,0.0,0.0,False
2023-05-08,0.04000000000000625,0.04000000000000625,False
2023-05-09,0.0,0.0,False
2023-05-10,0.0,0.0,False
2023-05-11,0.0,0.0,False
2023-05-12,0.0,0.0,False
2023-05-13,0.0,0.0,False
2023-05-14,0.0,0.0,False
2023-05-15,0.0,0.0,False
2023-05-16,0.0,0.0,False
2023-05-17,0.0,0.0,False
2023-05-18,0.0,0.0,False
2023-05-19,0.0,0.0,False
2023-05-20,0.0,0.0,False
2023-05-21,0.0,0.0,False
2023-05-22,0.0,0.0,False
2023-05-23,0.0,0.0,False
2023-05-24,0.0,0.0,False
2023-05-25,0.03999999999999204,0.03999999999999204,False
2023-05-26,0.0,0.0,False
2023-05-27,0.0,0.0,False
2023-05-28,0.0,0.0,False
2023-05-29,0.0,0.0,False
2023-05-30,0.0,0.0,False
2023-05-31,0.0,0.0,False
2023-06-01,0.0,0.0,False
2023-06-02,0.0,0.0,False
2023-06-03,0.0,0.0,False
2023-06-04,0.0,0.0,False
2023-06-05,0.0,0.0,False
2023-06-06,0.0,0.0,False
2023-06-07,0.04000000000000625,0.04000000000000625,False
2023-06-08,0.0,0.0,False
2023-06-09,0.0,0.0,False
2023-06-10,0.0,0.0,False
2023-06-11,0.0,0.0,False
2023-06-12,0.03999999999999204,0.03999999999999204,False
2023-06-13,0.0,0.0,False
2023-06-14,0.0,0.0,False
2023-06-15,0.0,0.0,False
2023-06-16,0.0,0.0,False
2023-06-17,0.0,0.0,False
2023-06-18,0.0,0.0,False
2023-06-19,0.0,0.0,False
2023-06-20,0.0,0.0,False
2023-06-21,0.0,0.0,False
2023-06-22,0.0,0.0,False
2023-06-23,0.0,0.0,False
2023-06-24,0.0,0.0,False
2023-06-25,0.0,0.0,False
2023-06-26,0.0,0.0,False
2023-06-27,0.0,0.0,False
2023-06-28,0.0,0.0,False
2023-06-29,0.0,0.0,False
2023-06-30,0.0,0.0,False
2023-07-01,0.0,0.0,False
2023-07-02,0.0,0.0,False
2023-07-03,0.0,0.0,False
2023-07-04,0.0,0.0,False
2023-07-05,0.0,0.0,False
2023-07-06,0.0,0.0,False
2023-07-07,0.0,0.0,False
2023-07-08,0.0,0.0,False
2023-07-09,0.0,0.0,False
2023-07-10,0.0,0.0,False
2023-07-11,0.0,0.0,False
2023-07-12,0.0,0.0,False
2023-07-13,0.0,0.0,False
2023-07-14,0.0,0.0,False
2023-07-15,0.0,0.0,False
2023-07-16,0.0,0.0,False
2023-07-17,0.0,0.0,False
2023-07-18,0.0,0.0,False
2023-07-19,0.0,0.0,False
2023-07-20,0.0,0.0,False
2023-07-21,0.0,0.0,False
2023-07-22,0.0,0.0,False
2023-07-23,0.0,0.0,False
2023-07-24,0.0,0.0,False
2023-07-25,0.0,0.0,False
2023-07-26,0.0,0.0,False
2023-07-27,0.0,0.0,False
2023-07-28,0.0,0.0,False
2023-07-29,0.0,0.0,False
2023-07-30,0.0,0.0,False
2023-07-31,0.0,0.0,False
2023-08-01,0.0,0.0,False
2023-08-02,0.0,0.0,False
2023-08-03,0.0,0.0,False
2023-08-04,0.0,0.0,False
2023-08-05,0.0,0.0,False
2023-08-06,0.0,0.0,False
2023-08-07,0.0,0.0,False
2023-08-08,0.0,0.0,False
2023-08-09,0.0,0.0,False
2023-08-10,0.0,0.0,False
2023-08-11,0.0,0.0,False
2023-08-12,0.0,0.0,False
2023-08-13,0.0,0.0,False
2023-08-14,0.0,0.0,False
2023-08-15,0.0,0.0,False
2023-08-16,0.0,0.0,False
2023-08-17,0.0,0.0,False
2023-08-18,0.0,0.0,False
2023-08-19,0.0,0.0,False
2023-08-20,0.0,0.0,False
2023-08-21,0.0,0.0,False
2023-08-22,0.0,0.0,False
2023-08-23,0.0,0.0,False
2023-08-24,0.0,0.0,False
2023-08-25,0.0,0.0,False
2023-08-26,0.0,0.0,False
2023-08-27,0.0,0.0,False
2023-08-28,0.0,0.0,False
2023-08-29,0.0,0.0,False
2023-08-30,0.0,0.0,False
2023-08-31,0.0,0.0,False
2023-09-01,0.0,0.0,False
2023-09-02,0.0,0.0,False
2023-09-03,0.0,0.0,False
2023-09-04,0.0,0.0,False
2023-09-05,0.0,0.0,False
2023-09-06,0.0,0.0,False
2023-09-07,0.0,0.0,False
2023-09-08,0.0,0.0,False
2023-09-09,0.0,0.0,False
2023-09-10,0.0,0.0,False
2023-09-11,0.0,0.0,False
2023-09-12,0.0,0.0,False
2023-09-13,0.0,0.0,False
2023-09-14,0.0,0.0,False
2023-09-15,0.0,0.0,False
2023-09-16,0.0,0.0,False
2023-09-17,0.0,0.0,False
2023-09-18,0.0,0.0,False
2023-09-19,0.0,0.0,False
2023-09-20,0.0,0.0,False
2023-09-21,0.0,0.0,False
2023-09-22,0.0,0.0,False
2023-09-23,0.0,0.0,False
2023-09-24,0.0,0.0,False
2023-09-25,0.0,0.0,False
2023-09-26,0.0,0.0,False
2023-09-27,0.0,0.0,False
2023-09-28,0.0,0.0,False
2023-09-29,0.0,0.0,False
2023-09-30,0.0799999999999983,0.0799999999999983,False
2023-10-01,0.0,0.0,False
2023-10-02,0.0,0.0,False
2023-10-03,0.0,0.0,False
2023-10-04,-75.13,0.0,True
2023-10-05,0.0,0.0,False
2023-10-06,0.0,0.0,False
2023-10-07,0.0,0.0,False
2023-10-08,0.0,0.0,False
2023-10-09,0.0,0.0,False
2023-10-10,0.03,0.03,False
2023-10-11,0.0,0.0,False
2023-10-12,0.0,0.0,False
2023-10-13,0.0,0.0,False
2023-10-14,0.0,0.0,False
2023-10-15,0.0,0.0,False
2023-10-16,0.0,0.0,False
2023-10-17,0.0,0.0,False
2023-10-18,0.0,0.0,False
2023-10-19,0.0,0.0,False
2023-10-20,0.0,0.0,False
2023-10-21,0.0,0.0,False
2023-10-22,0.36,0.36,False
2023-10-23,0.03999999999999998,0.03999999999999998,False
2023-10-24,0.0,0.0,False
2023-10-25,0.0,0.0,False
2023-10-26,0.0,0.0,False
2023-10-27,0.0,0.0,False
2023-10-28,0.0,0.0,False
2023-10-29,0.0,0.0,False
2023-10-30,0.0,0.0,False
2023-10-31,0.0,0.0,False
2023-11-01,0.0,0.0,False
2023-11-02,0.0,0.0,False
2023-11-03,0.0,0.0,False
2023-11-04,0.0,0.0,False
2023-11-05,0.23000000000000004,0.23000000000000004,False
2023-11-06,0.07999999999999996,0.07999999999999996,False
2023-11-07,0.040000000000000036,0.040000000000000036,False
2023-11-08,0.0,0.0,False
2023-11-09,0.0,0.0,False
2023-11-10,0.0,0.0,False
2023-11-11,0.0,0.0,False
2023-11-12,0.0,0.0,False
2023-11-13,0.0,0.0,False
2023-11-14,0.0,0.0,False
2023-11-15,0.15999999999999992,0.15999999999999992,False
2023-11-16,0.1200000000000001,0.1200000000000001,False
2023-11-17,0.31000000000000005,0.31000000000000005,False
2023-11-18,1.2599999999999998,1.2599999999999998,False
2023-11-19,0.040000000000000036,0.040000000000000036,False
2023-11-20,0.0,0.0,False
2023-11-21,0.0,0.0,False
2023-11-22,0.0,0.0,False
2023-11-23,0.0,0.0,False
2023-11-24,0.0,0.0,False
2023-11-25,0.0,0.0,False
2023-11-26,0.0,0.0,False
2023-11-27,0.0,0.0,False
2023-11-28,0.0,0.0,False
2023-11-29,0.0,0.0,False
2023-11-30,0.0,0.0,False
2023-12-01,0.0,0.0,False
2023-12-02,0.040000000000000036,0.040000000000000036,False
2023-12-03,0.0,0.0,False
2023-12-04,0.0,0.0,False
2023-12-05,0.0,0.0,False
2023-12-06,0.16000000000000014,0.0,True
2023-12-07,0.08000000000000007,0.08000000000000007,False
2023-12-08,0.0,0.0,False
2023-12-09,0.0,0.0,False
2023-12-10,0.0,0.0,False
2023-12-11,0.0,0.0,False
2023-12-12,0.0,0.0,False
2023-12-13,0.0,0.0,False
2023-12-14,0.0,0.0,False
2023-12-15,0.0,0.0,False
2023-12-16,0.0,0.0,False
2023-12-17,0.11999999999999966,0.1200000000000001,True
2023-12-18,2.0900000000000003,2.09,True
2023-12-19,1.8099999999999996,1.8099999999999996,False
2023-12-20,1.38,1.38,False
2023-12-21,0.0,0.0,False
2023-12-22,0.0,0.0,False
2023-12-23,0.0,0.0,False
2023-12-24,0.0,0.0,False
2023-12-25,0.0,0.0,False
2023-12-26,0.0,0.0,False
2023-12-27,0.6300000000000008,0.6300000000000008,False
2023-12-28,0.1899999999999995,0.1899999999999995,False
2023-12-29,1.8599999999999994,1.8599999999999994,False
2023-12-30,0.8600000000000012,0.8600000000000012,False
2023-12-31,0.0,0.0,False
2024-01-01,0.0,0.0,False
2024-01-02,1.0700000000000003,1.0700000000000003,False
2024-01-03,0.03999999999999915,0.03999999999999915,False
2024-01-04,0.03999999999999915,0.040000000000000924,True
2024-01-05,0.0,0.0,False
2024-01-06,0.23000000000000043,0.22999999999999865,True
2024-01-07,0.0,0.0,False
2024-01-08,0.0,0.0,False
2024-01-09,0.08000000000000007,0.08000000000000007,False
2024-01-10,0.39000000000000057,0.39000000000000057,False
2024-01-11,0.0,0.0,False
2024-01-12,0.0,0.0,False
2024-01-13,0.2400000000000002,0.3200000000000003,True
2024-01-14,0.5499999999999989,0.46999999999999886,True
2024-01-15,0.0,0.0,False
2024-01-16,0.40000000000000036,0.40000000000000036,False
2024-01-17,0.08000000000000007,0.08000000000000007,False
2024-01-18,0.0,0.0,False
2024-01-19,0.5099999999999998,0.5899999999999999,True
2024-01-20,2.240000000000002,2.160000000000002,True
2024-01-21,0.9499999999999993,1.0700000000000003,True
2024-01-22,1.8900000000000006,1.7699999999999996,True
2024-01-23,0.03999999999999915,0.03999999999999915,False
2024-01-24,0.509999999999998,0.509999999999998,False
2024-01-25,0.0,0.0,False
2024-01-26,0.0,0.0,False
2024-01-27,0.0,0.0,False
2024-01-28,0.0,0.0,False
2024-01-29,0.0,0.0,False
2024-01-30,0.0,0.0,False
2024-01-31,2.25,2.330000000000002,True
2024-02-01,0.8300000000000018,0.75,True
2024-02-02,0.34999999999999787,0.39000000000000057,True
2024-02-03,0.5100000000000016,0.509999999999998,True
2024-02-04,2.6400000000000006,2.6000000000000014,True
2024-02-05,0.5500000000000007,0.5500000000000007,False
2024-02-06,0.0,0.0,False
2024-02-07,0.8299999999999983,0.8299999999999983,False
2024-02-08,0.0,0.0,False
2024-02-09,0.0,0.0,False
2024-02-10,0.0,0.0,False
2024-02-11,0.0,0.0,False
2024-02-12,0.0,0.0,False
2024-02-13,0.0,0.0,False
2024-02-14,1.1000000000000014,1.1000000000000014,False
2024-02-15,0.0,0.0,False
2024-02-16,0.0,0.0,False
2024-02-17,2.0899999999999963,2.09,True
2024-02-18,1.6200000000000045,1.6599999999999966,True
2024-02-19,0.3500000000000014,0.3100000000000023,True
2024-02-20,0.8699999999999974,1.0300000000000011,True
2024-02-21,0.20000000000000284,0.03999999999999915,True
2024-02-22,0.0,0.0,False
2024-02-23,0.0,0.0,False
2024-02-24,0.0,0.0,False
2024-02-25,0.0,0.0,False
2024-02-26,0.02999999999999403,0.030000000000001137,True
2024-02-27,0.0,0.0,False
2024-02-28,0.0,0.0,False
2024-02-29,1.5,1.5,False
2024-03-01,1.4200000000000017,1.4200000000000017,False
2024-03-02,0.5900000000000034,0.5899999999999963,True
2024-03-03,0.46999999999999886,0.46999999999999886,False
2024-03-04,0.0,0.0,False
2024-03-05,0.11999999999999744,0.12000000000000455,True
2024-03-06,1.1099999999999994,1.1099999999999994,False
2024-03-11,0.3500000000000014,0.0,True
2024-03-12,0.11999999999999744,0.0,True
2024-03-13,0.0800000000000054,0.0,True
2024-03-14,0.0,0.0,False
2024-03-23,1.2199999999999989,0.35999999999999943,True
2024-03-25,0.30999999999999517,0.0,True
2024-03-26,0.0,0.0,False
2024-03-27,0.0,0.0,False
2024-03-28,0.6700000000000017,0.6700000000000017,False
2024-03-29,1.5799999999999983,1.6999999999999957,True
2024-03-30,0.5100000000000051,0.39000000000000057,True
2024-04-03,0.3200000000000003,0.0,True
2024-04-04,0.6299999999999955,0.6300000000000026,True
2024-04-06,0.12000000000000455,0.0,True
2024-04-13,0.6999999999999957,0.0,True
2024-04-14,0.5600000000000023,0.0,True
2024-04-15,0.0,0.0,False
2024-04-16,0.0,0.0,False
2024-04-25,0.03999999999999915,0.0,True
2024-05-01,0.0,0.0,False
2024-05-02,0.0,0.0,False
2024-05-04,1.0600000000000023,0.0,True
2024-05-12,0.03999999999999915,0.0,True
2024-05-15,0.0,0.0,False
2024-05-20,0.0,0.0,False
2024-05-26,0.0,0.0,False
2024-05-27,0.0,0.0,False
2024-05-30,0.0,0.0,False
2024-06-01,0.0,0.0,False
2024-06-10,0.0,0.0,False
2024-06-11,0.0,0.0,False
2024-06-12,0.0,0.0,False
2024-06-13,0.0,0.0,False
2024-06-15,0.0,0.0,False
2024-06-20,0.0,0.0,False
2024-06-27,0.0,0.0,False
2024-07-11,0.0,0.0,False
2024-07-12,0.0,0.0,False
2024-07-17,0.0,0.0,False
2024-07-18,0.0,0.0,False
2024-07-19,0.0,0.0,False
2024-07-25,0.0,0.0,False
2024-07-29,0.0,0.0,False
2024-07-31,0.0,0.0,False
2024-08-01,0.0,0.0,False
2024-08-05,0.0,0.0,False
2024-08-07,0.0,0.0,False
2024-08-08,0.0,0.0,False
2024-08-09,0.0,0.0,False
2024-08-10,0.0,0.0,False
2024-08-13,0.0,0.0,False
2024-08-15,0.0,0.0,False
2024-08-20,0.0,0.0,False
2024-08-21,0.0,0.0,False
2024-08-22,0.0,0.0,False
2024-08-23,0.0,0.0,False
2024-08-25,0.0,0.0,False
2024-08-30,0.0,0.0,False
2024-08-31,0.0,0.0,False
