Date,Calculated Cumulative Rainfall (inches),Calculated Daily Rainfall (inches)
2014-09-01,0.96,
2014-09-02,0.96,
2014-09-03,0.96,
2014-09-04,0.96,
2014-09-05,0.96,
2014-09-06,0.96,
2014-09-07,0.96,
2014-09-08,0.96,
2014-09-09,0.96,
2014-09-10,0.96,
2014-09-11,0.96,
2014-09-12,0.96,
2014-09-13,0.96,
2014-09-14,0.96,
2014-09-15,0.96,
2014-09-16,0.96,
2014-09-17,1.1300000000000001,
2014-09-18,16.53,
2014-09-19,19.65,
2014-09-20,19.68,
2014-09-21,19.68,
2014-09-22,19.68,
2014-09-23,19.68,
2014-09-24,19.709999999999997,
2014-09-25,29.19,
2014-09-26,31.44,
2014-09-27,31.630000000000003,
2014-09-28,31.840000000000003,
2014-09-29,31.92,
2014-09-30,31.92,
2014-10-01,31.92,
2014-10-02,31.92,
2014-10-03,31.92,
2014-10-04,31.92,
2014-10-05,31.92,
2014-10-06,31.92,
2014-10-07,31.92,
2014-10-08,31.92,
2014-10-09,31.92,
2014-10-10,31.92,
2014-10-11,31.92,
2014-10-12,31.92,
2014-10-13,31.92,
2014-10-14,31.930000000000003,
2014-10-15,28.74,28.74
2014-10-16,0.0,0.0
2014-10-17,21.9,
2014-10-18,35.04,
2014-10-19,35.04,
2014-10-20,35.58,
2014-10-21,36.0,
2014-10-22,36.0,
2014-10-23,36.0,
2014-10-24,36.0,
2014-10-25,49.61,
2014-10-26,55.64,
2014-10-27,55.67999999999999,
2014-10-28,55.67999999999999,
2014-10-29,55.67999999999999,
2014-10-30,55.67999999999999,
2014-10-31,59.9,
2014-11-01,75.18,
2014-11-02,76.34,
2014-11-03,79.67999999999999,
2014-11-04,79.67999999999999,
2014-11-05,79.67999999999999,
2014-11-06,79.67999999999999,
2014-11-07,79.67999999999999,
2014-11-08,79.67999999999999,
2014-11-09,79.67999999999999,
2014-11-10,79.67999999999999,
2014-11-11,79.9,
2014-11-12,79.93,
2014-11-13,97.35,
2014-11-14,101.03,
2014-11-15,101.03999999999999,
2014-11-16,101.03999999999999,
2014-11-17,101.03999999999999,
2014-11-18,101.03999999999999,
2014-11-19,110.45,
2014-11-20,125.74,
2014-11-21,139.53,
2014-11-22,156.15,
2014-11-23,164.39999999999998,
2014-11-24,164.39999999999998,
2014-11-25,164.39999999999998,
2014-11-26,164.39999999999998,
2014-11-27,164.39999999999998,
2014-11-28,164.39999999999998,
2014-11-29,191.58,
2014-11-30,223.46,
2014-12-01,244.89000000000001,
2014-12-02,275.39,
2014-12-03,382.62,
2014-12-04,425.91,
2014-12-05,442.49,
2014-12-06,482.09000000000003,
2014-12-07,486.46,
2014-12-08,486.48,
2014-12-09,486.48,
2014-12-10,486.57,
2014-12-11,558.02,
2014-12-12,631.89,
2014-12-13,633.05,
2014-12-14,633.17,
2014-12-15,656.15,
2014-12-16,651.39,651.39
2014-12-17,702.25,
2014-12-18,709.41,
2014-12-19,730.2,
2014-12-20,762.36,
2014-12-21,765.94,
2014-12-22,766.27,
2014-12-23,766.3199999999999,
2014-12-24,767.41,
2014-12-25,769.1999999999999,
2014-12-26,769.1999999999999,
2014-12-27,769.1999999999999,
2014-12-28,769.1999999999999,
2014-12-29,769.1999999999999,
2014-12-30,769.1999999999999,
2014-12-31,769.1999999999999,
2015-01-01,769.1999999999999,
2015-01-02,769.1999999999999,
2015-01-03,769.1999999999999,
2015-01-04,769.1999999999999,
2015-01-05,769.1999999999999,
2015-01-06,769.1999999999999,
2015-01-07,769.1999999999999,
2015-01-08,769.1999999999999,
2015-01-09,769.1999999999999,
2015-01-10,769.1999999999999,
2015-01-11,769.1999999999999,
2015-01-12,737.15,737.15
2015-01-13,769.1999999999999,
2015-01-14,769.1999999999999,
2015-01-15,769.1999999999999,
2015-01-16,769.1999999999999,
2015-01-17,769.1999999999999,
2015-01-18,769.1999999999999,
2015-01-19,769.1999999999999,
2015-01-20,769.1999999999999,
2015-01-21,769.1999999999999,
2015-01-22,769.1999999999999,
2015-01-23,769.1999999999999,
2015-01-24,769.1999999999999,
2015-01-25,769.1999999999999,
2015-01-26,769.1999999999999,
2015-01-27,769.1999999999999,
2015-01-28,769.1999999999999,
2015-01-29,769.1999999999999,
2015-01-30,769.1999999999999,
2015-01-31,769.1999999999999,
2015-02-01,769.1999999999999,
2015-02-02,769.1999999999999,
2015-02-03,769.1999999999999,
2015-02-04,769.1999999999999,
2015-02-05,769.1999999999999,
2015-02-06,788.84,
2015-02-07,847.27,
2015-02-08,881.62,
2015-02-09,909.26,
2015-02-10,909.36,
2015-02-11,909.36,
2015-02-12,909.36,
2015-02-13,909.36,
2015-02-14,909.36,
2015-02-15,909.36,
2015-02-16,909.36,
2015-02-17,909.36,
2015-02-18,909.55,
2015-02-19,909.5999999999999,
2015-02-20,909.5999999999999,
2015-02-21,909.5999999999999,
2015-02-22,871.6999999999999,871.6999999999999
2015-02-23,909.5999999999999,
2015-02-24,909.5999999999999,
2015-02-25,909.5999999999999,
2015-02-26,909.5999999999999,
2015-02-27,910.17,
2015-02-28,916.47,
2015-03-01,918.72,
2015-03-02,918.72,
2015-03-03,918.72,
2015-03-04,918.72,
2015-03-05,918.72,
2015-03-06,918.72,
2015-03-07,918.72,
2015-03-08,842.1600000000001,842.1600000000001
2015-03-09,918.72,
2015-03-10,918.72,
2015-03-11,920.57,
2015-03-12,921.1200000000001,
2015-03-13,921.1200000000001,
2015-03-14,921.1200000000001,
2015-03-15,921.1200000000001,
2015-03-16,921.1200000000001,
2015-03-17,921.1200000000001,
2015-03-18,921.1200000000001,
2015-03-19,460.56000000000006,460.56000000000006
2015-03-20,921.1200000000001,
2015-03-21,921.1200000000001,
2015-03-22,924.03,
2015-03-23,934.63,
2015-03-24,934.8000000000001,
2015-03-25,934.8000000000001,
2015-03-26,934.8000000000001,
2015-03-27,934.8000000000001,
2015-03-28,934.8000000000001,
2015-03-29,934.8000000000001,
2015-03-30,934.8000000000001,
2015-03-31,934.95,
2015-04-01,935.04,
2015-04-02,935.04,
2015-04-03,935.04,
2015-04-04,935.04,
2015-04-05,935.9100000000001,
2015-04-06,936.6500000000001,
2015-04-07,965.36,
2015-04-08,972.3100000000001,
2015-04-09,972.48,
2015-04-10,972.48,
2015-04-11,972.48,
2015-04-12,972.48,
2015-04-13,972.48,
2015-04-14,972.72,
2015-04-15,972.72,
2015-04-16,972.72,
2015-04-17,972.72,
2015-04-18,972.72,
2015-04-19,972.72,
2015-04-20,972.72,
2015-04-21,972.72,
2015-04-22,973.14,
2015-04-23,973.37,
2015-04-24,973.5600000000001,
2015-04-25,1008.5,
2015-04-26,1012.3199999999999,
2015-04-27,1012.3199999999999,
2015-04-28,1012.3199999999999,
2015-04-29,1012.3199999999999,
2015-04-30,1012.3199999999999,
2015-05-01,1012.3199999999999,
2015-05-02,1012.3199999999999,
2015-05-03,1012.3199999999999,
2015-05-04,1012.3199999999999,
2015-05-05,1012.3199999999999,
2015-05-06,1012.3199999999999,
2015-05-07,1013.23,
2015-05-08,1014.0,
2015-05-09,1014.0,
2015-05-10,1014.0,
2015-05-11,1014.0,
2015-05-12,1014.0,
2015-05-13,1014.0,
2015-05-14,1014.0,
2015-05-15,1014.0,
2015-05-16,1014.0,
2015-05-17,1014.0,
2015-05-18,1014.16,
2015-05-19,1014.57,
2015-05-20,1014.72,
2015-05-21,1018.13,
2015-05-22,1021.27,
2015-05-23,1022.0400000000001,
2015-05-24,1022.1600000000001,
2015-05-25,1022.1600000000001,
2015-05-26,1022.38,
2015-05-27,1022.4000000000001,
2015-05-28,1022.4000000000001,
2015-05-29,1022.4000000000001,
2015-05-30,1022.4000000000001,
2015-05-31,1022.4000000000001,
2015-06-01,1023.22,
2015-06-02,1023.81,
2015-06-03,1023.8399999999999,
2015-06-04,1023.8399999999999,
2015-06-05,1023.8399999999999,
2015-06-06,1023.8399999999999,
2015-06-07,1023.8399999999999,
2015-06-08,1023.8399999999999,
2015-06-09,1023.8399999999999,
2015-06-10,1025.4,
2015-06-11,1026.48,
2015-06-12,1026.48,
2015-06-13,1026.48,
2015-06-14,1026.48,
2015-06-15,1026.48,
2015-06-16,1026.48,
2015-06-17,1026.48,
2015-06-18,1026.48,
2015-06-19,1026.48,
2015-06-20,1026.48,
2015-06-21,1026.48,
2015-06-22,1026.48,
2015-06-23,1026.48,
2015-06-24,1026.48,
2015-06-25,1026.48,
2015-06-26,1026.48,
2015-06-27,1026.48,
2015-06-28,1026.48,
2015-06-29,1026.48,
2015-06-30,727.09,727.09
2015-07-01,0.0,0.0
2015-07-02,0.0,
2015-07-03,0.0,
2015-07-04,0.0,
2015-07-05,0.0,
2015-07-06,0.0,
2015-07-07,0.0,
2015-07-08,0.0,
2015-07-09,0.74,
2015-07-10,1.1300000000000001,
2015-07-11,1.2000000000000002,
2015-07-12,1.2000000000000002,
2015-07-13,1.2000000000000002,
2015-07-14,1.2000000000000002,
2015-07-15,1.2000000000000002,
2015-07-16,1.2000000000000002,
2015-07-17,1.2000000000000002,
2015-07-18,1.2000000000000002,
2015-07-19,1.2000000000000002,
2015-07-20,1.2000000000000002,
2015-07-21,1.2000000000000002,
2015-07-22,1.2000000000000002,
2015-07-23,1.2000000000000002,
2015-07-24,1.2000000000000002,
2015-07-25,1.2000000000000002,
2015-07-26,1.2000000000000002,
2015-07-27,1.2000000000000002,
2015-07-28,1.2000000000000002,
2015-07-29,1.2000000000000002,
2015-07-30,1.2000000000000002,
2015-07-31,1.2000000000000002,
2015-08-01,1.2000000000000002,
2015-08-02,1.2000000000000002,
2015-08-03,1.2000000000000002,
2015-08-04,1.2000000000000002,
2015-08-05,1.2000000000000002,
2015-08-06,1.2000000000000002,
2015-08-07,1.2000000000000002,
2015-08-08,1.2000000000000002,
2015-08-09,1.2000000000000002,
2015-08-10,1.2000000000000002,
2015-08-11,1.2000000000000002,
2015-08-12,1.2000000000000002,
2015-08-13,1.2000000000000002,
2015-08-14,1.2000000000000002,
2015-08-15,1.2000000000000002,
2015-08-16,1.2000000000000002,
2015-08-17,1.2000000000000002,
2015-08-18,1.2000000000000002,
2015-08-19,1.2000000000000002,
2015-08-20,1.2000000000000002,
2015-08-21,1.2000000000000002,
2015-08-22,1.2000000000000002,
2015-08-23,1.2000000000000002,
2015-08-24,1.2000000000000002,
2015-08-25,1.2000000000000002,
2015-08-26,1.2000000000000002,
2015-08-27,1.2000000000000002,
2015-08-28,1.2000000000000002,
2015-08-29,1.2000000000000002,
2015-08-30,1.2000000000000002,
2015-08-31,1.2000000000000002,
2015-09-01,1.2000000000000002,
2015-09-02,1.2000000000000002,
2015-09-03,1.2000000000000002,
2015-09-04,1.2000000000000002,
2015-09-05,1.2000000000000002,
2015-09-06,0.75,0.75
2015-09-07,0.0,0.0
2015-09-08,0.0,
2015-09-09,0.4,
2015-09-10,1.2000000000000002,
2015-09-11,1.2000000000000002,
2015-09-12,1.2000000000000002,
2015-09-13,1.2000000000000002,
2015-09-14,1.31,
2015-09-15,1.92,
2015-09-16,0.8,0.8
2015-09-17,0.24,0.24
2015-09-18,0.24,
2015-09-19,0.24,
2015-09-20,0.24,
2015-09-21,0.24,
2015-09-22,0.24,
2015-09-23,0.24,
2015-09-24,0.24,
2015-09-25,0.24,
2015-09-26,0.24,
2015-09-27,0.24,
2015-09-28,0.24,
2015-09-29,0.24,
2015-09-30,0.32,
2015-10-01,0.48,
2015-10-02,0.48,
2015-10-03,0.48,
2015-10-04,0.48,
2015-10-05,0.48,
2015-10-06,0.48,
2015-10-07,2.1799999999999997,
2015-10-08,2.88,
2015-10-09,2.88,
2015-10-10,2.88,
2015-10-11,2.88,
2015-10-12,2.88,
2015-10-13,2.88,
2015-10-14,2.88,
2015-10-15,2.88,
2015-10-16,2.88,
2015-10-17,2.88,
2015-10-18,2.9899999999999998,
2015-10-19,6.96,
2015-10-20,7.4399999999999995,
2015-10-21,7.4399999999999995,
2015-10-22,7.4399999999999995,
2015-10-23,7.4399999999999995,
2015-10-24,7.4399999999999995,
2015-10-25,7.4399999999999995,
2015-10-26,7.4399999999999995,
2015-10-27,7.4399999999999995,
2015-10-28,7.7,
2015-10-29,7.92,
2015-10-30,7.92,
2015-10-31,7.92,
2015-11-01,7.94,
2015-11-02,30.82,
2015-11-03,37.84,
2015-11-04,37.92,
2015-11-05,37.92,
2015-11-06,37.92,
2015-11-07,37.92,
2015-11-08,39.2,
2015-11-09,49.79,
2015-11-10,56.12,
2015-11-11,56.16,
2015-11-12,56.16,
2015-11-13,56.16,
2015-11-14,56.16,
2015-11-15,70.51,
2015-11-16,74.4,
2015-11-17,74.4,
2015-11-18,74.4,
2015-11-19,74.4,
2015-11-20,74.4,
2015-11-21,74.4,
2015-11-22,74.4,
2015-11-23,74.4,
2015-11-24,84.34,
2015-11-25,95.58,
2015-11-26,95.76,
2015-11-27,95.76,
2015-11-28,95.76,
2015-11-29,95.76,
2015-11-30,95.76,
2015-12-01,95.76,
2015-12-02,95.76,
2015-12-03,112.02,
2015-12-04,129.58,
2015-12-05,129.60000000000002,
2015-12-06,130.76,
2015-12-07,131.96,
2015-12-08,132.0,
2015-12-09,132.02,
2015-12-10,163.31,
2015-12-11,184.89,
2015-12-12,186.0,
2015-12-13,214.54,
2015-12-14,232.74999999999997,
2015-12-15,232.79999999999998,
2015-12-16,232.79999999999998,
2015-12-17,232.79999999999998,
2015-12-18,234.49,
2015-12-19,246.96,
2015-12-20,253.73,
2015-12-21,331.47,
2015-12-22,437.27,
2015-12-23,447.81,
2015-12-24,455.34000000000003,
2015-12-25,460.93,
2015-12-26,461.04,
2015-12-27,461.1,
2015-12-28,465.75000000000006,
2015-12-29,466.08000000000004,
2015-12-30,466.12,
2015-12-31,466.32,
2016-01-01,466.32,
2016-01-02,466.32,
2016-01-03,466.43,
2016-01-04,480.61,
2016-01-05,560.23,
2016-01-06,597.86,
2016-01-07,616.65,
2016-01-08,617.27,
2016-01-09,618.86,
2016-01-10,593.4,593.4
2016-01-11,619.2,
2016-01-12,619.2,
2016-01-13,638.75,
2016-01-14,643.91,
2016-01-15,657.94,
2016-01-16,668.06,
2016-01-17,685.5,
2016-01-18,751.6600000000001,
2016-01-19,799.9300000000001,
2016-01-20,824.1,
2016-01-21,824.1600000000001,
2016-01-22,868.69,
2016-01-23,912.32,
2016-01-24,922.91,
2016-01-25,923.28,
2016-01-26,923.52,
2016-01-27,923.52,
2016-01-28,923.52,
2016-01-29,927.54,
2016-01-30,945.54,
2016-01-31,952.09,
2016-02-01,953.28,
2016-02-02,957.97,
2016-02-03,960.0,
2016-02-04,960.0,
2016-02-05,880.0,880.0
2016-02-06,960.0,
2016-02-07,960.0,
2016-02-08,960.0,
2016-02-09,960.0,
2016-02-10,960.0,
2016-02-11,960.0,
2016-02-12,960.0,
2016-02-13,960.0,
2016-02-14,960.0,
2016-02-15,960.0,
2016-02-16,960.0,
2016-02-17,967.59,
2016-02-18,998.3599999999999,
2016-02-19,1001.35,
2016-02-20,1004.4000000000001,
2016-02-21,1004.6,
2016-02-22,1004.64,
2016-02-23,1004.64,
2016-02-24,1004.64,
2016-02-25,1004.64,
2016-02-26,1004.64,
2016-02-27,1004.64,
2016-02-28,1004.64,
2016-02-29,1004.64,
2016-03-01,1004.64,
2016-03-02,1004.64,
2016-03-03,1004.87,
2016-03-04,1020.58,
2016-03-05,1111.5,
2016-03-06,1207.75,
2016-03-07,1263.44,
2016-03-08,1266.26,
2016-03-09,1271.7,
2016-03-10,1275.46,
2016-03-11,1304.6,
2016-03-12,1342.76,
2016-03-13,1300.15,1300.15
2016-03-14,1458.6100000000001,
2016-03-15,1458.72,
2016-03-16,1458.72,
2016-03-17,1458.72,
2016-03-18,1458.72,
2016-03-19,1458.72,
2016-03-20,1464.32,
2016-03-21,1485.95,
2016-03-22,1500.77,
2016-03-23,1500.96,
2016-03-24,1500.96,
2016-03-25,1500.96,
2016-03-26,1500.96,
2016-03-27,1500.96,
2016-03-28,1500.96,
2016-03-29,1500.96,
2016-03-30,1500.96,
2016-03-31,1500.96,
2016-04-01,1500.96,
2016-04-02,1500.96,
2016-04-03,1500.96,
2016-04-04,1500.96,
2016-04-05,1500.96,
2016-04-06,1500.96,
2016-04-07,1500.96,
2016-04-08,1501.6299999999999,
2016-04-09,1507.16,
2016-04-10,1512.1299999999999,
2016-04-11,1513.64,
2016-04-12,1513.84,
2016-04-13,1513.92,
2016-04-14,1521.31,
2016-04-15,1522.56,
2016-04-16,1522.56,
2016-04-17,1522.56,
2016-04-18,1522.56,
2016-04-19,1522.56,
2016-04-20,1522.56,
2016-04-21,1522.81,
2016-04-22,1544.45,
2016-04-23,1558.56,
2016-04-24,1558.56,
2016-04-25,1558.56,
2016-04-26,1558.56,
2016-04-27,1561.47,
2016-04-28,1563.6000000000001,
2016-04-29,1563.6000000000001,
2016-04-30,1563.6000000000001,
2016-05-01,1563.6000000000001,
2016-05-02,1563.6000000000001,
2016-05-03,1563.6000000000001,
2016-05-04,1563.6000000000001,
2016-05-05,1565.54,
2016-05-06,1568.3200000000002,
2016-05-07,1571.51,
2016-05-08,1572.2400000000002,
2016-05-09,1572.2400000000002,
2016-05-10,1572.2400000000002,
2016-05-11,1572.2400000000002,
2016-05-12,1572.2400000000002,
2016-05-13,1572.2400000000002,
2016-05-14,1572.2400000000002,
2016-05-15,1572.2400000000002,
2016-05-16,1572.2400000000002,
2016-05-17,1572.2400000000002,
2016-05-18,1572.2400000000002,
2016-05-19,1572.2400000000002,
2016-05-20,1572.2400000000002,
2016-05-21,1572.51,
2016-05-22,1572.72,
2016-05-23,1572.72,
2016-05-24,1572.72,
2016-05-25,1572.91,
2016-05-26,1572.96,
2016-05-27,1572.96,
2016-05-28,1572.96,
2016-05-29,1572.96,
2016-05-30,1572.96,
2016-05-31,1572.96,
2016-06-01,1572.96,
2016-06-02,1572.96,
2016-06-03,1572.96,
2016-06-04,1572.96,
2016-06-05,1572.96,
2016-06-06,1572.96,
2016-06-07,1572.96,
2016-06-08,1572.96,
2016-06-09,1572.96,
2016-06-10,1572.96,
2016-06-11,1572.96,
2016-06-12,1572.96,
2016-06-13,1572.96,
2016-06-14,1572.96,
2016-06-15,1572.96,
2016-06-16,1572.96,
2016-06-17,1572.96,
2016-06-18,1572.96,
2016-06-19,1572.96,
2016-06-20,1572.96,
2016-06-21,1572.96,
2016-06-22,1572.96,
2016-06-23,1572.96,
2016-06-24,1572.96,
2016-06-25,1572.96,
2016-06-26,1572.96,
2016-06-27,1572.96,
2016-06-28,1572.96,
2016-06-29,1572.96,
2016-06-30,1114.18,1114.18
2016-07-01,0.0,0.0
2016-07-02,0.0,
2016-07-03,0.0,
2016-07-04,0.0,
2016-07-05,0.0,
2016-07-06,0.0,
2016-07-07,0.0,
2016-07-08,0.0,
2016-07-09,0.0,
2016-07-10,0.0,
2016-07-11,0.0,
2016-07-12,0.0,
2016-07-13,0.0,
2016-07-14,0.0,
2016-07-15,0.0,
2016-07-16,0.0,
2016-07-17,0.0,
2016-07-18,0.0,
2016-07-19,0.0,
2016-07-20,0.0,
2016-07-21,0.0,
2016-07-22,0.0,
2016-07-23,0.0,
2016-07-24,0.0,
2016-07-25,0.0,
2016-07-26,0.0,
2016-07-27,0.0,
2016-07-28,0.0,
2016-07-29,0.0,
2016-07-30,0.0,
2016-07-31,0.0,
2016-08-01,0.0,
2016-08-02,0.0,
2016-08-03,0.0,
2016-08-04,0.0,
2016-08-05,0.18,
2016-08-06,0.24,
2016-08-07,0.24,
2016-08-08,0.24,
2016-08-09,0.24,
2016-08-10,0.24,
2016-08-11,0.24,
2016-08-12,0.24,
2016-08-13,0.24,
2016-08-14,0.24,
2016-08-15,0.24,
2016-08-16,0.24,
2016-08-17,0.24,
2016-08-18,0.24,
2016-08-19,0.24,
2016-08-20,0.24,
2016-08-21,0.24,
2016-08-22,0.24,
2016-08-23,0.24,
2016-08-24,0.24,
2016-08-25,0.24,
2016-08-26,0.24,
2016-08-27,0.43,
2016-08-28,0.48,
2016-08-29,0.48,
2016-08-30,0.48,
2016-08-31,0.48,
2016-09-01,0.48,
2016-09-02,0.46,0.46
2016-09-03,0.48,
2016-09-04,0.48,
2016-09-05,0.48,
2016-09-06,0.48,
2016-09-07,0.48,
2016-09-08,0.48,
2016-09-09,0.48,
2016-09-10,0.48,
2016-09-11,0.48,
2016-09-12,0.48,
2016-09-13,1.46,
2016-09-14,1.92,
2016-09-15,1.84,1.84
2016-09-16,1.92,
2016-09-17,1.92,
2016-09-18,1.92,
2016-09-19,1.92,
2016-09-20,1.92,
2016-09-21,1.92,
2016-09-22,1.92,
2016-09-23,1.92,
2016-09-24,1.92,
2016-09-25,1.92,
2016-09-26,1.92,
2016-09-27,1.92,
2016-09-28,1.92,
2016-09-29,1.92,
2016-09-30,1.92,
2016-10-01,1.92,
2016-10-02,1.92,
2016-10-03,1.95,
2016-10-04,2.58,
2016-10-05,2.64,
2016-10-06,2.64,
2016-10-07,2.64,
2016-10-08,2.64,
2016-10-09,2.64,
2016-10-10,2.64,
2016-10-11,2.64,
2016-10-12,2.64,
2016-10-13,2.64,
2016-10-14,35.89,
2016-10-15,89.25999999999999,
2016-10-16,195.22,
2016-10-17,239.76,
2016-10-18,239.94,
2016-10-19,240.0,
2016-10-20,240.0,
2016-10-21,240.0,
2016-10-22,240.0,
2016-10-23,240.0,
2016-10-24,241.6,
2016-10-25,253.19,
2016-10-26,255.36,
2016-10-27,259.71,
2016-10-28,287.9,
2016-10-29,300.69,
2016-10-30,319.84,
2016-10-31,335.87,
2016-11-01,353.93,
2016-11-02,355.20000000000005,
2016-11-03,355.20000000000005,
2016-11-04,355.20000000000005,
2016-11-05,355.20000000000005,
2016-11-06,355.20000000000005,
2016-11-07,355.20000000000005,
2016-11-08,355.20000000000005,
2016-11-09,355.20000000000005,
2016-11-10,355.20000000000005,
2016-11-11,355.20000000000005,
2016-11-12,355.20000000000005,
2016-11-13,355.20000000000005,
2016-11-14,355.20000000000005,
2016-11-15,355.27000000000004,
2016-11-16,355.6,
2016-11-17,355.68,
2016-11-18,355.68,
2016-11-19,384.82,
2016-11-20,437.33,
2016-11-21,443.51,
2016-11-22,443.7,
2016-11-23,448.87,
2016-11-24,449.04,
2016-11-25,449.04,
2016-11-26,465.79,
2016-11-27,495.3,
2016-11-28,500.37,
2016-11-29,501.12,
2016-11-30,501.21999999999997,
2016-12-01,501.36,
2016-12-02,501.36,
2016-12-03,501.36,
2016-12-04,501.36,
2016-12-05,501.36,
2016-12-06,501.36,
2016-12-07,502.46,
2016-12-08,546.79,
2016-12-09,571.29,
2016-12-10,639.56,
2016-12-11,673.6800000000001,
2016-12-12,673.6800000000001,
2016-12-13,674.76,
2016-12-14,691.02,
2016-12-15,767.66,
2016-12-16,857.93,
2016-12-17,858.24,
2016-12-18,858.24,
2016-12-19,858.24,
2016-12-20,858.24,
2016-12-21,858.24,
2016-12-22,858.24,
2016-12-23,875.49,
2016-12-24,887.97,
2016-12-25,888.16,
2016-12-26,888.24,
2016-12-27,888.24,
2016-12-28,888.24,
2016-12-29,888.24,
2016-12-30,888.24,
2016-12-31,888.91,
2017-01-01,889.3599999999999,
2017-01-02,894.19,
2017-01-03,901.3,
2017-01-04,1073.42,
2017-01-05,1085.76,
2017-01-06,1085.76,
2017-01-07,1120.98,
2017-01-08,1225.93,
2017-01-09,1287.89,
2017-01-10,1356.69,
2017-01-11,1417.63,
2017-01-12,1428.75,
2017-01-13,1430.16,
2017-01-14,1430.16,
2017-01-15,1430.16,
2017-01-16,1430.16,
2017-01-17,1430.16,
2017-01-18,1447.8700000000001,
2017-01-19,1490.52,
2017-01-20,1545.69,
2017-01-21,1568.67,
2017-01-22,1629.57,
2017-01-23,1650.15,
2017-01-24,1652.16,
2017-01-25,1652.16,
2017-01-26,1652.16,
2017-01-27,1652.16,
2017-01-28,1652.16,
2017-01-29,1652.16,
2017-01-30,1652.16,
2017-01-31,1652.16,
2017-02-01,1652.29,
2017-02-02,1675.04,
2017-02-03,1719.97,
2017-02-04,1744.45,
2017-02-05,1752.74,
2017-02-06,1792.67,
2017-02-07,1910.35,
2017-02-08,1974.77,
2017-02-09,1938.43,1938.43
2017-02-10,2080.22,
2017-02-11,2081.46,
2017-02-12,2081.52,
2017-02-13,2081.52,
2017-02-14,2081.52,
2017-02-15,2081.52,
2017-02-16,2106.82,
2017-02-17,2146.15,
2017-02-18,2194.09,
2017-02-19,2202.79,
2017-02-20,2295.44,
2017-02-21,2352.97,
2017-02-22,2354.29,
2017-02-23,2355.12,
2017-02-24,2355.12,
2017-02-25,2355.12,
2017-02-26,2355.19,
2017-02-27,2356.26,
2017-02-28,2356.32,
2017-03-01,2356.32,
2017-03-02,2356.32,
2017-03-03,2356.32,
2017-03-04,2359.07,
2017-03-05,2386.44,
2017-03-06,2394.21,
2017-03-07,2396.64,
2017-03-08,2396.64,
2017-03-09,2396.64,
2017-03-10,2396.64,
2017-03-11,2396.64,
2017-03-12,2196.92,2196.92
2017-03-13,2396.64,
2017-03-14,2396.64,
2017-03-15,2396.64,
2017-03-16,2396.64,
2017-03-17,2396.64,
2017-03-18,2396.64,
2017-03-19,2396.64,
2017-03-20,2403.07,
2017-03-21,2467.1,
2017-03-22,2491.3,
2017-03-23,2493.6000000000004,
2017-03-24,2517.3,
2017-03-25,2548.7000000000003,
2017-03-26,2550.0,
2017-03-27,2556.0,
2017-03-28,2556.0,
2017-03-29,2556.0,
2017-03-30,2556.0,
2017-03-31,2556.0,
2017-04-01,2556.0,
2017-04-02,2449.5,2449.5
2017-04-03,2556.0,
2017-04-04,2556.0,
2017-04-05,2556.0,
2017-04-06,2561.6,
2017-04-07,2620.2,
2017-04-08,2635.8,
2017-04-09,2637.6000000000004,
2017-04-10,2637.6000000000004,
2017-04-11,2638.6,
2017-04-12,2654.4,
2017-04-13,2690.7,
2017-04-14,2692.8,
2017-04-15,2692.8,
2017-04-16,2698.3,
2017-04-17,2718.4,
2017-04-18,2725.0,
2017-04-19,2726.3999999999996,
2017-04-20,2730.7999999999997,
2017-04-21,2731.2,
2017-04-22,2731.2,
2017-04-23,2731.2,
2017-04-24,2731.2,
2017-04-25,2731.2,
2017-04-26,2732.3,
2017-04-27,2733.6000000000004,
2017-04-28,2733.6000000000004,
2017-04-29,2733.6000000000004,
2017-04-30,2733.6000000000004,
2017-05-01,2733.6000000000004,
2017-05-02,2733.6000000000004,
2017-05-03,2733.6000000000004,
2017-05-04,2733.6000000000004,
2017-05-05,2733.6000000000004,
2017-05-06,2733.6000000000004,
2017-05-07,2733.6000000000004,
2017-05-08,2733.6000000000004,
2017-05-09,2733.6000000000004,
2017-05-10,2733.6000000000004,
2017-05-11,2733.6000000000004,
2017-05-12,2733.6000000000004,
2017-05-13,2733.6000000000004,
2017-05-14,2733.6000000000004,
2017-05-15,2733.6000000000004,
2017-05-16,2733.7000000000003,
2017-05-17,2736.0,
2017-05-18,2736.0,
2017-05-19,2736.0,
2017-05-20,2736.0,
2017-05-21,2736.0,
2017-05-22,2736.0,
2017-05-23,2736.0,
2017-05-24,2736.0,
2017-05-25,2737.7,
2017-05-26,2738.3999999999996,
2017-05-27,2738.3999999999996,
2017-05-28,2738.3999999999996,
2017-05-29,2738.3999999999996,
2017-05-30,2738.3999999999996,
2017-05-31,2738.3999999999996,
2017-06-01,2738.3999999999996,
2017-06-02,2738.3999999999996,
2017-06-03,2738.3999999999996,
2017-06-04,2624.2999999999997,2624.2999999999997
2017-06-05,2738.3999999999996,
2017-06-06,2738.3999999999996,
2017-06-07,2738.3999999999996,
2017-06-08,2739.5,
2017-06-09,2742.6,
2017-06-10,2743.2,
2017-06-11,2743.2,
2017-06-12,2743.2,
2017-06-13,2743.2,
2017-06-14,2743.2,
2017-06-15,2743.2,
2017-06-16,2743.2,
2017-06-17,2743.2,
2017-06-18,2743.2,
2017-06-19,2743.2,
2017-06-20,2743.2,
2017-06-21,2743.2,
2017-06-22,2743.2,
2017-06-23,2743.2,
2017-06-24,2743.2,
2017-06-25,2743.2,
2017-06-26,2743.2,
2017-06-27,2743.2,
2017-06-28,2743.2,
2017-06-29,2743.2,
2017-06-30,2743.2,
2017-07-01,2743.2,
2017-07-02,2743.2,
2017-07-03,2743.2,
2017-07-04,2743.2,
2017-07-05,2628.9,2628.9
2017-07-06,2743.2,
2017-07-07,2628.9,2628.9
2017-07-08,2743.2,
2017-07-09,2743.2,
2017-07-10,2743.2,
2017-07-11,2743.2,
2017-07-12,2743.2,
2017-07-13,2743.2,
2017-07-14,2743.2,
2017-07-15,2743.2,
2017-07-16,2743.2,
2017-07-17,2743.2,
2017-07-18,2743.2,
2017-07-19,2743.2,
2017-07-20,2743.2,
2017-07-21,2743.2,
2017-07-22,2743.2,
2017-07-23,2743.2,
2017-07-24,2743.2,
2017-07-25,2743.2,
2017-07-26,2743.2,
2017-07-27,2743.2,
2017-07-28,2743.2,
2017-07-29,2743.2,
2017-07-30,2743.2,
2017-07-31,2743.2,
2017-08-01,2743.2,
2017-08-02,2743.2,
2017-08-03,2743.2,
2017-08-04,2743.2,
2017-08-05,2743.2,
2017-08-06,2743.2,
2017-08-07,2743.2,
2017-08-08,2743.2,
2017-08-09,2743.2,
2017-08-10,2743.2,
2017-08-11,2743.2,
2017-08-12,2743.2,
2017-08-13,2743.2,
2017-08-14,2743.2,
2017-08-15,2743.2,
2017-08-16,2743.2,
2017-08-17,2743.2,
2017-08-18,2743.2,
2017-08-19,2743.2,
2017-08-20,2743.2,
2017-08-21,2743.2,
2017-08-22,2514.6,2514.6
2017-08-23,2514.6,
2017-08-24,2743.2,
2017-08-25,2743.2,
2017-08-26,2743.2,
2017-08-27,2743.2,
2017-08-28,2743.2,
2017-08-29,2743.2,
2017-08-30,2743.2,
2017-08-31,2743.2,
2017-09-01,2628.9,2628.9
2017-09-02,2743.2,
2017-09-03,2743.2,
2017-09-04,2743.2,
2017-09-05,2743.2,
2017-09-06,2743.2,
2017-09-07,2745.3,
2017-09-08,2745.6000000000004,
2017-09-09,2745.6000000000004,
2017-09-10,2745.6000000000004,
2017-09-11,2745.6000000000004,
2017-09-12,2745.6000000000004,
2017-09-13,2745.6000000000004,
2017-09-14,2745.6000000000004,
2017-09-15,2745.6000000000004,
2017-09-16,2745.6000000000004,
2017-09-17,2745.6000000000004,
2017-09-18,2745.6000000000004,
2017-09-19,2745.6000000000004,
2017-09-20,2745.6000000000004,
2017-09-21,2745.6000000000004,
2017-09-22,2745.6000000000004,
2017-09-23,2745.6000000000004,
2017-09-24,2745.6000000000004,
2017-09-25,2745.6000000000004,
2017-09-26,2745.6000000000004,
2017-09-27,2745.6000000000004,
2017-09-28,2745.6000000000004,
2017-09-29,2745.6000000000004,
2017-09-30,1944.8000000000002,1944.8000000000002
2017-10-01,0.0,0.0
2017-10-02,0.0,
2017-10-03,0.0,
2017-10-04,0.0,
2017-10-05,0.0,
2017-10-06,0.0,
2017-10-07,0.0,
2017-10-08,0.0,
2017-10-09,0.0,
2017-10-10,0.0,
2017-10-11,0.0,
2017-10-12,0.0,
2017-10-13,0.0,
2017-10-14,0.0,
2017-10-15,0.0,
2017-10-16,0.0,
2017-10-17,0.0,
2017-10-18,0.0,
2017-10-19,0.36,
2017-10-20,8.98,
2017-10-21,9.120000000000001,
2017-10-22,9.120000000000001,
2017-10-23,9.120000000000001,
2017-10-24,9.120000000000001,
2017-10-25,9.120000000000001,
2017-10-26,9.120000000000001,
2017-10-27,9.120000000000001,
2017-10-28,9.120000000000001,
2017-10-29,9.120000000000001,
2017-10-30,9.120000000000001,
2017-10-31,9.33,
2017-11-01,9.36,
2017-11-02,9.36,
2017-11-03,10.91,
2017-11-04,13.049999999999999,
2017-11-05,14.16,
2017-11-06,14.37,
2017-11-07,14.399999999999999,
2017-11-08,19.84,
2017-11-09,72.87,
2017-11-10,79.02,
2017-11-11,80.87,
2017-11-12,81.1,
2017-11-13,82.94,
2017-11-14,84.96000000000001,
2017-11-15,85.39,
2017-11-16,170.11,
2017-11-17,205.36,
2017-11-18,205.44,
2017-11-19,205.44,
2017-11-20,205.44,
2017-11-21,205.44,
2017-11-22,205.44,
2017-11-23,205.44,
2017-11-24,205.44,
2017-11-25,205.44,
2017-11-26,223.27,
2017-11-27,255.51999999999998,
2017-11-28,256.32,
2017-11-29,256.32,
2017-11-30,256.32,
2017-12-01,256.32,
2017-12-02,256.32,
2017-12-03,258.19,
2017-12-04,258.24,
2017-12-05,258.24,
2017-12-06,258.24,
2017-12-07,258.24,
2017-12-08,258.24,
2017-12-09,258.24,
2017-12-10,258.24,
2017-12-11,258.24,
2017-12-12,258.24,
2017-12-13,258.24,
2017-12-14,258.24,
2017-12-15,258.24,
2017-12-16,258.24,
2017-12-17,258.24,
2017-12-18,258.24,
2017-12-19,258.24,
2017-12-20,264.66,
2017-12-21,265.44,
2017-12-22,265.44,
2017-12-23,265.44,
2017-12-24,265.44,
2017-12-25,265.44,
2017-12-26,265.44,
2017-12-27,265.44,
2017-12-28,265.44,
2017-12-29,265.44,
2017-12-30,265.44,
2017-12-31,265.44,
2018-01-01,265.44,
2018-01-02,265.44,
2018-01-03,269.28000000000003,
2018-01-04,284.19,
2018-01-05,311.72,
2018-01-06,323.54,
2018-01-07,323.76,
2018-01-08,368.29,
2018-01-09,454.46,
2018-01-10,458.37,
2018-01-11,459.78,
2018-01-12,459.84000000000003,
2018-01-13,459.84000000000003,
2018-01-14,459.84000000000003,
2018-01-15,459.85,
2018-01-16,460.29,
2018-01-17,460.32,
2018-01-18,464.77,
2018-01-19,474.87,
2018-01-20,474.96,
2018-01-21,474.96,
2018-01-22,493.09,
2018-01-23,499.63,
2018-01-24,504.18,
2018-01-25,517.6899999999999,
2018-01-26,518.88,
2018-01-27,518.88,
2018-01-28,518.88,
2018-01-29,518.88,
2018-01-30,518.88,
2018-01-31,518.88,
2018-02-01,518.88,
2018-02-02,518.88,
2018-02-03,518.88,
2018-02-04,518.88,
2018-02-05,518.88,
2018-02-06,518.88,
2018-02-07,518.88,
2018-02-08,518.88,
2018-02-09,518.88,
2018-02-10,518.88,
2018-02-11,518.88,
2018-02-12,518.88,
2018-02-13,518.88,
2018-02-14,518.88,
2018-02-15,518.88,
2018-02-16,518.88,
2018-02-17,518.88,
2018-02-18,519.24,
2018-02-19,520.78,
2018-02-20,521.28,
2018-02-21,521.28,
2018-02-22,522.23,
2018-02-23,522.96,
2018-02-24,522.96,
2018-02-25,522.96,
2018-02-26,528.49,
2018-02-27,530.88,
2018-02-28,531.91,
2018-03-01,591.6,
2018-03-02,621.56,
2018-03-03,631.45,
2018-03-04,634.3,
2018-03-05,634.3199999999999,
2018-03-06,634.3199999999999,
2018-03-07,634.34,
2018-03-08,639.03,
2018-03-09,639.36,
2018-03-10,639.46,
2018-03-11,586.3,586.3
2018-03-12,645.42,
2018-03-13,697.77,
2018-03-14,727.48,
2018-03-15,742.59,
2018-03-16,765.49,
2018-03-17,771.48,
2018-03-18,772.56,
2018-03-19,772.56,
2018-03-20,775.15,
2018-03-21,808.14,
2018-03-22,883.74,
2018-03-23,900.72,
2018-03-24,905.37,
2018-03-25,912.8100000000001,
2018-03-26,912.96,
2018-03-27,912.96,
2018-03-28,912.96,
2018-03-29,912.96,
2018-03-30,912.96,
2018-03-31,912.96,
2018-04-01,874.92,874.92
2018-04-02,912.96,
2018-04-03,912.96,
2018-04-04,912.96,
2018-04-05,913.06,
2018-04-06,940.77,
2018-04-07,1010.01,
2018-04-08,1015.44,
2018-04-09,1015.44,
2018-04-10,1015.44,
2018-04-11,1017.1700000000001,
2018-04-12,1025.8700000000001,
2018-04-13,1026.0,
2018-04-14,1026.0,
2018-04-15,1027.8,
2018-04-16,1036.57,
2018-04-17,1038.96,
2018-04-18,1038.96,
2018-04-19,1038.96,
2018-04-20,1038.96,
2018-04-21,1038.96,
2018-04-22,1038.96,
2018-04-23,1038.96,
2018-04-24,1038.96,
2018-04-25,1038.96,
2018-04-26,1038.96,
2018-04-27,1038.96,
2018-04-28,1038.96,
2018-04-29,1040.05,
2018-04-30,1040.6399999999999,
2018-05-01,1040.6399999999999,
2018-05-02,1040.6399999999999,
2018-05-03,1040.6399999999999,
2018-05-04,1040.6399999999999,
2018-05-05,1040.6399999999999,
2018-05-06,1040.6399999999999,
2018-05-07,1040.6399999999999,
2018-05-08,1040.6399999999999,
2018-05-09,1040.6399999999999,
2018-05-10,1040.6399999999999,
2018-05-11,1040.6399999999999,
2018-05-12,1040.6399999999999,
2018-05-13,1040.6399999999999,
2018-05-14,1040.6399999999999,
2018-05-15,1040.82,
2018-05-16,1040.8799999999999,
2018-05-17,1040.8799999999999,
2018-05-18,1040.8799999999999,
2018-05-19,1040.8799999999999,
2018-05-20,1040.8799999999999,
2018-05-21,1041.1000000000001,
2018-05-22,1041.1200000000001,
2018-05-23,1041.33,
2018-05-24,1041.57,
2018-05-25,1046.61,
2018-05-26,1050.3,
2018-05-27,1050.48,
2018-05-28,1050.48,
2018-05-29,1050.48,
2018-05-30,1050.48,
2018-05-31,1050.48,
2018-06-01,1050.48,
2018-06-02,1050.48,
2018-06-03,1050.48,
2018-06-04,1050.48,
2018-06-05,1050.48,
2018-06-06,1050.48,
2018-06-07,1050.48,
2018-06-08,1050.48,
2018-06-09,1050.48,
2018-06-10,1050.48,
2018-06-11,1050.48,
2018-06-12,1050.48,
2018-06-13,1050.48,
2018-06-14,1050.48,
2018-06-15,1050.48,
2018-06-16,1050.5700000000002,
2018-06-17,1051.92,
2018-06-18,1052.16,
2018-06-19,1052.16,
2018-06-20,1052.16,
2018-06-21,1052.16,
2018-06-22,1052.16,
2018-06-23,1052.16,
2018-06-24,1052.16,
2018-06-25,1052.16,
2018-06-26,1052.16,
2018-06-27,1052.16,
2018-06-28,1052.16,
2018-06-29,1052.16,
2018-06-30,1052.16,
2018-07-01,1052.16,
2018-07-02,1052.16,
2018-07-03,1052.16,
2018-07-04,1008.32,1008.32
2018-07-05,964.48,964.48
2018-07-06,1052.16,
2018-07-07,1052.16,
2018-07-08,876.8000000000001,876.8000000000001
2018-07-09,1052.16,
2018-07-10,1052.16,
2018-07-11,1052.16,
2018-07-12,1052.16,
2018-07-13,1052.16,
2018-07-14,1052.16,
2018-07-15,1052.16,
2018-07-16,1052.16,
2018-07-17,1052.16,
2018-07-18,1052.16,
2018-07-19,1052.16,
2018-07-20,1052.16,
2018-07-21,1052.16,
2018-07-22,1052.16,
2018-07-23,1052.16,
2018-07-24,1052.16,
2018-07-25,1052.16,
2018-07-26,1052.16,
2018-07-27,1052.16,
2018-07-28,1052.16,
2018-07-29,1052.16,
2018-07-30,1052.16,
2018-07-31,1052.16,
2018-08-01,1052.16,
2018-08-02,1052.16,
2018-08-03,1008.32,1008.32
2018-08-04,1052.16,
2018-08-05,1052.16,
2018-08-06,1052.16,
2018-08-07,1052.16,
2018-08-08,1052.16,
2018-08-09,1052.16,
2018-08-10,1052.16,
2018-08-11,1052.16,
2018-08-12,1052.16,
2018-08-13,1052.16,
2018-08-14,1052.16,
2018-08-15,1052.16,
2018-08-16,1052.16,
2018-08-17,1052.16,
2018-08-18,1052.16,
2018-08-19,1052.16,
2018-08-20,1052.16,
2018-08-21,1052.16,
2018-08-22,1052.3400000000001,
2018-08-23,1052.4,
2018-08-24,1052.59,
2018-08-25,1052.6399999999999,
2018-08-26,1052.6399999999999,
2018-08-27,1052.6399999999999,
2018-08-28,1052.6399999999999,
2018-08-29,1052.6399999999999,
2018-08-30,1052.6399999999999,
2018-08-31,1052.6399999999999,
2018-09-01,1052.6399999999999,
2018-09-02,1052.6399999999999,
2018-09-03,1052.6399999999999,
2018-09-04,1052.6399999999999,
2018-09-05,1052.6399999999999,
2018-09-06,1052.6399999999999,
2018-09-07,1052.6399999999999,
2018-09-08,1052.6399999999999,
2018-09-09,1052.6399999999999,
2018-09-10,1052.6399999999999,
2018-09-11,1052.6399999999999,
2018-09-12,1052.6399999999999,
2018-09-13,1052.6399999999999,
2018-09-14,1052.6399999999999,
2018-09-15,1052.6399999999999,
2018-09-16,1052.6399999999999,
2018-09-17,1052.6399999999999,
2018-09-18,1052.6399999999999,
2018-09-19,1052.6399999999999,
2018-09-20,1052.6399999999999,
2018-09-21,1052.6399999999999,
2018-09-22,1052.6399999999999,
2018-09-23,1052.6399999999999,
2018-09-24,1052.6399999999999,
2018-09-25,1052.6399999999999,
2018-09-26,1052.6399999999999,
2018-09-27,1052.6399999999999,
2018-09-28,1052.6399999999999,
2018-09-29,1052.68,
2018-09-30,745.9300000000001,745.9300000000001
2018-10-01,0.0,0.0
2018-10-02,0.19,
2018-10-03,2.08,
2018-10-04,4.78,
2018-10-05,4.800000000000001,
2018-10-06,4.800000000000001,
2018-10-07,4.800000000000001,
2018-10-08,4.800000000000001,
2018-10-09,4.800000000000001,
2018-10-10,5.01,
2018-10-11,5.24,
2018-10-12,5.28,
2018-10-13,5.28,
2018-10-14,5.28,
2018-10-15,5.28,
2018-10-16,5.28,
2018-10-17,5.28,
2018-10-18,5.28,
2018-10-19,5.28,
2018-10-20,5.28,
2018-10-21,5.28,
2018-10-22,5.28,
2018-10-23,5.28,
2018-10-24,5.28,
2018-10-25,5.28,
2018-10-26,5.28,
2018-10-27,5.28,
2018-10-28,5.28,
2018-10-29,5.28,
2018-10-30,5.28,
2018-10-31,5.28,
2018-11-01,5.28,
2018-11-02,5.28,
2018-11-03,5.28,
2018-11-04,5.28,
2018-11-05,5.28,
2018-11-06,5.28,
2018-11-07,5.28,
2018-11-08,5.28,
2018-11-09,5.28,
2018-11-10,5.28,
2018-11-11,5.28,
2018-11-12,5.28,
2018-11-13,5.28,
2018-11-14,5.28,
2018-11-15,5.28,
2018-11-16,5.28,
2018-11-17,5.28,
2018-11-18,5.28,
2018-11-19,5.28,
2018-11-20,5.28,
2018-11-21,49.78,
2018-11-22,90.93,
2018-11-23,163.52,
2018-11-24,194.86,
2018-11-25,195.60000000000002,
2018-11-26,195.60000000000002,
2018-11-27,198.34,
2018-11-28,221.34,
2018-11-29,284.49,
2018-11-30,300.71999999999997,
2018-12-01,302.96,
2018-12-02,304.53999999999996,
2018-12-03,304.56,
2018-12-04,304.9,
2018-12-05,315.91,
2018-12-06,319.20000000000005,
2018-12-07,319.20000000000005,
2018-12-08,319.20000000000005,
2018-12-09,319.20000000000005,
2018-12-10,319.20000000000005,
2018-12-11,319.20000000000005,
2018-12-12,319.20000000000005,
2018-12-13,319.20000000000005,
2018-12-14,320.41,
2018-12-15,322.25,
2018-12-16,338.93,
2018-12-17,387.87,
2018-12-18,388.08000000000004,
2018-12-19,388.08000000000004,
2018-12-20,388.08000000000004,
2018-12-21,388.45,
2018-12-22,388.79999999999995,
2018-12-23,388.79999999999995,
2018-12-24,399.28000000000003,
2018-12-25,420.19000000000005,
2018-12-26,420.24,
2018-12-27,420.24,
2018-12-28,420.24,
2018-12-29,420.24,
2018-12-30,420.24,
2018-12-31,420.24,
2019-01-01,420.24,
2019-01-02,420.24,
2019-01-03,420.24,
2019-01-04,420.24,
2019-01-05,436.64,
2019-01-06,495.68,
2019-01-07,567.97,
2019-01-08,573.22,
2019-01-09,593.13,
2019-01-10,596.86,
2019-01-11,603.57,
2019-01-12,617.16,
2019-01-13,619.17,
2019-01-14,621.69,
2019-01-15,652.49,
2019-01-16,712.57,
2019-01-17,773.42,
2019-01-18,777.5999999999999,
2019-01-19,777.5999999999999,
2019-01-20,789.1899999999999,
2019-01-21,802.41,
2019-01-22,802.56,
2019-01-23,802.56,
2019-01-24,802.56,
2019-01-25,802.56,
2019-01-26,802.56,
2019-01-27,802.56,
2019-01-28,802.56,
2019-01-29,802.56,
2019-01-30,802.77,
2019-01-31,818.03,
2019-02-01,824.88,
2019-02-02,894.38,
2019-02-03,969.65,
2019-02-04,1032.26,
2019-02-05,1045.39,
2019-02-06,1050.1499999999999,
2019-02-07,1050.28,
2019-02-08,1057.54,
2019-02-09,1074.71,
2019-02-10,1092.6200000000001,
2019-02-11,1094.6399999999999,
2019-02-12,1095.54,
2019-02-13,1165.16,
2019-02-14,1257.8,
2019-02-15,1292.7,
2019-02-16,1311.1200000000001,
2019-02-17,1321.71,
2019-02-18,1322.6399999999999,
2019-02-19,1322.6399999999999,
2019-02-20,1323.87,
2019-02-21,1324.75,
2019-02-22,1324.8000000000002,
2019-02-23,1324.8000000000002,
2019-02-24,1324.8000000000002,
2019-02-25,1325.14,
2019-02-26,1340.82,
2019-02-27,1415.4,
2019-02-28,1434.55,
2019-03-01,1434.79,
2019-03-02,1468.04,
2019-03-03,1489.8,
2019-03-04,1493.25,
2019-03-05,1498.23,
2019-03-06,1558.93,
2019-03-07,1586.67,
2019-03-08,1589.69,
2019-03-09,1598.09,
2019-03-10,1480.24,1480.24
2019-03-11,1616.16,
2019-03-12,1616.16,
2019-03-13,1616.16,
2019-03-14,1616.16,
2019-03-15,1616.16,
2019-03-16,1616.16,
2019-03-17,1616.16,
2019-03-18,1616.16,
2019-03-19,1616.2,
2019-03-20,1640.77,
2019-03-21,1644.2400000000002,
2019-03-22,1646.3600000000001,
2019-03-23,1663.22,
2019-03-24,1664.16,
2019-03-25,1673.3,
2019-03-26,1707.68,
2019-03-27,1715.73,
2019-03-28,1720.72,
2019-03-29,1723.3700000000001,
2019-03-30,1723.44,
2019-03-31,1723.44,
2019-04-01,1723.64,
2019-04-02,1733.6,
2019-04-03,1744.04,
2019-04-04,1748.57,
2019-04-05,1756.66,
2019-04-06,1762.84,
2019-04-07,1763.7599999999998,
2019-04-08,1763.78,
2019-04-09,1764.66,
2019-04-10,1764.72,
2019-04-11,1764.72,
2019-04-12,1764.72,
2019-04-13,1764.72,
2019-04-14,1764.72,
2019-04-15,1765.52,
2019-04-16,1774.7099999999998,
2019-04-17,1775.04,
2019-04-18,1775.04,
2019-04-19,1775.04,
2019-04-20,1775.24,
2019-04-21,1775.7599999999998,
2019-04-22,1775.7599999999998,
2019-04-23,1775.7599999999998,
2019-04-24,1775.7599999999998,
2019-04-25,1775.7599999999998,
2019-04-26,1775.7599999999998,
2019-04-27,1775.7599999999998,
2019-04-28,1775.7599999999998,
2019-04-29,1775.7599999999998,
2019-04-30,1775.93,
2019-05-01,1776.0,
2019-05-02,1776.0,
2019-05-03,1776.0,
2019-05-04,1776.0,
2019-05-05,1776.0,
2019-05-06,1776.69,
2019-05-07,1778.02,
2019-05-08,1778.16,
2019-05-09,1778.34,
2019-05-10,1778.62,
2019-05-11,1778.6399999999999,
2019-05-12,1778.6399999999999,
2019-05-13,1778.6399999999999,
2019-05-14,1778.6399999999999,
2019-05-15,1792.88,
2019-05-16,1839.76,
2019-05-17,1844.88,
2019-05-18,1852.05,
2019-05-19,1886.6200000000001,
2019-05-20,1894.54,
2019-05-21,1902.66,
2019-05-22,1916.6299999999999,
2019-05-23,1917.12,
2019-05-24,1917.31,
2019-05-25,1917.3600000000001,
2019-05-26,1923.1,
2019-05-27,1927.11,
2019-05-28,1927.1999999999998,
2019-05-29,1927.1999999999998,
2019-05-30,1927.1999999999998,
2019-05-31,1927.1999999999998,
2019-06-01,1927.1999999999998,
2019-06-02,1927.1999999999998,
2019-06-03,1927.1999999999998,
2019-06-04,1927.1999999999998,
2019-06-05,1927.1999999999998,
2019-06-06,1927.1999999999998,
2019-06-07,1927.1999999999998,
2019-06-08,1927.1999999999998,
2019-06-09,1927.1999999999998,
2019-06-10,1927.1999999999998,
2019-06-11,1927.1999999999998,
2019-06-12,1927.1999999999998,
2019-06-13,1927.1999999999998,
2019-06-14,1927.1999999999998,
2019-06-15,1927.1999999999998,
2019-06-16,1927.1999999999998,
2019-06-17,1927.1999999999998,
2019-06-18,1927.1999999999998,
2019-06-19,1927.1999999999998,
2019-06-20,1927.1999999999998,
2019-06-21,1927.1999999999998,
2019-06-22,1927.1999999999998,
2019-06-23,1927.1999999999998,
2019-06-24,1927.1999999999998,
2019-06-25,1927.1999999999998,
2019-06-26,1927.1999999999998,
2019-06-27,1927.1999999999998,
2019-06-28,1927.1999999999998,
2019-06-29,1927.1999999999998,
2019-06-30,1927.1999999999998,
2019-07-01,1927.1999999999998,
2019-07-02,1927.1999999999998,
2019-07-03,1927.1999999999998,
2019-07-04,1927.1999999999998,
2019-07-05,1927.1999999999998,
2019-07-06,1927.1999999999998,
2019-07-07,1927.1999999999998,
2019-07-08,1927.1999999999998,
2019-07-09,1927.1999999999998,
2019-07-10,1927.1999999999998,
2019-07-11,1927.1999999999998,
2019-07-12,1927.1999999999998,
2019-07-13,1927.1999999999998,
2019-07-14,1927.1999999999998,
2019-07-15,1927.1999999999998,
2019-07-16,1927.1999999999998,
2019-07-17,1927.1999999999998,
2019-07-18,1927.1999999999998,
2019-07-19,1927.1999999999998,
2019-07-20,1927.1999999999998,
2019-07-21,1927.1999999999998,
2019-07-22,1927.1999999999998,
2019-07-23,1927.1999999999998,
2019-07-24,1927.1999999999998,
2019-07-25,1927.1999999999998,
2019-07-26,1927.1999999999998,
2019-07-27,1927.1999999999998,
2019-07-28,1927.1999999999998,
2019-07-29,1927.1999999999998,
2019-07-30,1927.1999999999998,
2019-07-31,1927.1999999999998,
2019-08-01,1927.1999999999998,
2019-08-02,1927.1999999999998,
2019-08-03,1927.1999999999998,
2019-08-04,1927.1999999999998,
2019-08-05,1927.1999999999998,
2019-08-06,1927.1999999999998,
2019-08-07,1927.1999999999998,
2019-08-08,1927.1999999999998,
2019-08-09,1766.6,1766.6
2019-08-10,1927.1999999999998,
2019-08-11,1927.1999999999998,
2019-08-12,1927.1999999999998,
2019-08-13,1927.1999999999998,
2019-08-14,1927.1999999999998,
2019-08-15,1927.1999999999998,
2019-08-16,1927.1999999999998,
2019-08-17,1927.1999999999998,
2019-08-18,1927.39,
2019-08-19,1927.6799999999998,
2019-08-20,1927.6799999999998,
2019-08-21,1927.6799999999998,
2019-08-22,1927.6799999999998,
2019-08-23,1927.6799999999998,
2019-08-24,1927.6799999999998,
2019-08-25,1927.6799999999998,
2019-08-26,1927.6799999999998,
2019-08-27,1927.6799999999998,
2019-08-28,1927.6799999999998,
2019-08-29,1927.6799999999998,
2019-08-30,1927.6799999999998,
2019-08-31,1927.6799999999998,
2019-09-01,1927.6799999999998,
2019-09-02,1927.6799999999998,
2019-09-03,1927.6799999999998,
2019-09-04,1927.6799999999998,
2019-09-05,1927.6799999999998,
2019-09-06,1927.6799999999998,
2019-09-07,1927.6799999999998,
2019-09-08,1927.6799999999998,
2019-09-09,1927.6799999999998,
2019-09-10,1927.6799999999998,
2019-09-11,1927.6799999999998,
2019-09-12,1927.6799999999998,
2019-09-13,1927.6799999999998,
2019-09-14,1927.6799999999998,
2019-09-15,1927.6799999999998,
2019-09-16,1933.8500000000001,
2019-09-17,1935.6000000000001,
2019-09-18,1935.9700000000003,
2019-09-19,1936.3200000000002,
2019-09-20,1936.3200000000002,
2019-09-21,1936.3200000000002,
2019-09-22,1936.3200000000002,
2019-09-23,1936.3200000000002,
2019-09-24,1936.3200000000002,
2019-09-25,1936.3200000000002,
2019-09-26,1936.3200000000002,
2019-09-27,1936.3200000000002,
2019-09-28,1936.54,
2019-09-29,1936.56,
2019-09-30,1372.1399999999999,1372.1399999999999
2019-10-01,0.0,0.0
2019-10-02,0.0,
2019-10-03,0.0,
2019-10-04,0.0,
2019-10-05,0.0,
2019-10-06,0.0,
2019-10-07,0.0,
2019-10-08,0.0,
2019-10-09,0.0,
2019-10-10,0.0,
2019-10-11,0.0,
2019-10-12,0.0,
2019-10-13,0.0,
2019-10-14,0.0,
2019-10-15,0.0,
2019-10-16,0.0,
2019-10-17,0.39,
2019-10-18,0.48,
2019-10-19,0.48,
2019-10-20,0.48,
2019-10-21,0.48,
2019-10-22,0.48,
2019-10-23,0.48,
2019-10-24,0.48,
2019-10-25,0.48,
2019-10-26,0.48,
2019-10-27,0.48,
2019-10-28,0.48,
2019-10-29,0.48,
2019-10-30,0.48,
2019-10-31,0.48,
2019-11-01,0.48,
2019-11-02,0.48,
2019-11-03,0.48,
2019-11-04,0.48,
2019-11-05,0.48,
2019-11-06,0.48,
2019-11-07,0.48,
2019-11-08,0.48,
2019-11-09,0.48,
2019-11-10,0.48,
2019-11-11,0.48,
2019-11-12,0.48,
2019-11-13,0.48,
2019-11-14,1.47,
2019-11-15,3.3600000000000003,
2019-11-16,3.3600000000000003,
2019-11-17,3.3600000000000003,
2019-11-18,3.3600000000000003,
2019-11-19,3.77,
2019-11-20,5.26,
2019-11-21,5.28,
2019-11-22,5.28,
2019-11-23,5.28,
2019-11-24,5.28,
2019-11-25,5.28,
2019-11-26,12.79,
2019-11-27,48.43,
2019-11-28,53.66,
2019-11-29,55.309999999999995,
2019-11-30,60.64,
2019-12-01,115.06,
2019-12-02,183.88,
2019-12-03,190.89000000000001,
2019-12-04,205.52,
2019-12-05,220.31,
2019-12-06,226.19,
2019-12-07,307.92,
2019-12-08,356.06,
2019-12-09,360.21999999999997,
2019-12-10,360.66,
2019-12-11,368.85,
2019-12-12,379.43,
2019-12-13,381.6,
2019-12-14,385.21000000000004,
2019-12-15,388.3,
2019-12-16,388.32,
2019-12-17,388.32,
2019-12-18,410.88,
2019-12-19,427.84999999999997,
2019-12-20,427.91999999999996,
2019-12-21,427.91999999999996,
2019-12-22,459.16999999999996,
2019-12-23,473.52,
2019-12-24,474.63,
2019-12-25,479.99,
2019-12-26,482.64,
2019-12-27,482.64,
2019-12-28,482.64,
2019-12-29,485.42,
2019-12-30,490.53000000000003,
2019-12-31,490.56000000000006,
2020-01-01,490.56000000000006,
2020-01-02,490.56000000000006,
2020-01-03,490.56000000000006,
2020-01-04,491.26,
2020-01-05,491.72999999999996,
2020-01-06,491.76,
2020-01-07,491.84,
2020-01-08,493.96,
2020-01-09,502.24,
2020-01-10,505.20000000000005,
2020-01-11,506.52000000000004,
2020-01-12,507.12,
2020-01-13,509.65,
2020-01-14,515.48,
2020-01-15,516.0,
2020-01-16,547.2,
2020-01-17,570.0600000000001,
2020-01-18,570.24,
2020-01-19,570.24,
2020-01-20,546.48,546.48
2020-01-21,575.21,
2020-01-22,597.08,
2020-01-23,597.36,
2020-01-24,597.36,
2020-01-25,597.37,
2020-01-26,600.88,
2020-01-27,601.6800000000001,
2020-01-28,602.53,
2020-01-29,603.5699999999999,
2020-01-30,603.5999999999999,
2020-01-31,603.5999999999999,
2020-02-01,603.5999999999999,
2020-02-02,603.5999999999999,
2020-02-03,603.5999999999999,
2020-02-04,603.5999999999999,
2020-02-05,603.5999999999999,
2020-02-06,603.5999999999999,
2020-02-07,603.5999999999999,
2020-02-08,603.5999999999999,
2020-02-09,603.5999999999999,
2020-02-10,603.5999999999999,
2020-02-11,603.5999999999999,
2020-02-12,603.5999999999999,
2020-02-13,603.5999999999999,
2020-02-14,603.5999999999999,
2020-02-15,603.5999999999999,
2020-02-16,603.5999999999999,
2020-02-17,603.5999999999999,
2020-02-18,603.5999999999999,
2020-02-19,603.5999999999999,
2020-02-20,603.5999999999999,
2020-02-21,603.5999999999999,
2020-02-22,603.5999999999999,
2020-02-23,603.5999999999999,
2020-02-24,603.5999999999999,
2020-02-25,603.5999999999999,
2020-02-26,603.5999999999999,
2020-02-27,603.5999999999999,
2020-02-28,603.5999999999999,
2020-02-29,603.5999999999999,
2020-03-01,603.5999999999999,
2020-03-02,603.5999999999999,
2020-03-03,603.5999999999999,
2020-03-04,603.5999999999999,
2020-03-05,603.5999999999999,
2020-03-06,603.8,
2020-03-07,616.05,
2020-03-08,570.0,570.0
2020-03-09,621.84,
2020-03-10,621.86,
2020-03-11,622.08,
2020-03-12,622.08,
2020-03-13,622.12,
2020-03-14,636.89,
2020-03-15,675.42,
2020-03-16,657.39,657.39
2020-03-17,689.31,
2020-03-18,690.24,
2020-03-19,691.3,
2020-03-20,691.92,
2020-03-21,692.1,
2020-03-22,692.3100000000001,
2020-03-23,692.4000000000001,
2020-03-24,696.61,
2020-03-25,702.69,
2020-03-26,704.92,
2020-03-27,705.5999999999999,
2020-03-28,706.4,
2020-03-29,709.26,
2020-03-30,709.92,
2020-03-31,709.92,
2020-04-01,709.92,
2020-04-02,709.92,
2020-04-03,709.92,
2020-04-04,724.38,
2020-04-05,800.98,
2020-04-06,821.08,
2020-04-07,825.36,
2020-04-08,825.41,
2020-04-09,828.84,
2020-04-10,829.92,
2020-04-11,829.92,
2020-04-12,830.1200000000001,
2020-04-13,830.35,
2020-04-14,830.4000000000001,
2020-04-15,830.4000000000001,
2020-04-16,830.4000000000001,
2020-04-17,830.58,
2020-04-18,830.64,
2020-04-19,830.64,
2020-04-20,830.79,
2020-04-21,830.8799999999999,
2020-04-22,830.8799999999999,
2020-04-23,830.8799999999999,
2020-04-24,830.8799999999999,
2020-04-25,830.8799999999999,
2020-04-26,830.8799999999999,
2020-04-27,830.8799999999999,
2020-04-28,830.8799999999999,
2020-04-29,830.8799999999999,
2020-04-30,830.8799999999999,
2020-05-01,830.8799999999999,
2020-05-02,830.8799999999999,
2020-05-03,830.8799999999999,
2020-05-04,830.8799999999999,
2020-05-05,830.8799999999999,
2020-05-06,830.8799999999999,
2020-05-07,830.8799999999999,
2020-05-08,830.8799999999999,
2020-05-09,830.8799999999999,
2020-05-10,830.8799999999999,
2020-05-11,834.1999999999999,
2020-05-12,849.76,
2020-05-13,852.5500000000001,
2020-05-14,856.65,
2020-05-15,857.28,
2020-05-16,857.28,
2020-05-17,873.17,
2020-05-18,888.0300000000001,
2020-05-19,889.44,
2020-05-20,890.0300000000001,
2020-05-21,890.1600000000001,
2020-05-22,890.1600000000001,
2020-05-23,890.1600000000001,
2020-05-24,890.1600000000001,
2020-05-25,890.1600000000001,
2020-05-26,890.1600000000001,
2020-05-27,890.1600000000001,
2020-05-28,890.1600000000001,
2020-05-29,890.1700000000001,
2020-05-30,893.09,
2020-05-31,895.1999999999999,
2020-06-01,895.1999999999999,
2020-06-02,895.1999999999999,
2020-06-03,895.1999999999999,
2020-06-04,895.1999999999999,
2020-06-05,895.1999999999999,
2020-06-06,895.1999999999999,
2020-06-07,895.1999999999999,
2020-06-08,895.1999999999999,
2020-06-09,895.1999999999999,
2020-06-10,895.1999999999999,
2020-06-11,895.1999999999999,
2020-06-12,895.1999999999999,
2020-06-13,895.1999999999999,
2020-06-14,895.1999999999999,
2020-06-15,895.1999999999999,
2020-06-16,895.1999999999999,
2020-06-17,895.1999999999999,
2020-06-18,895.1999999999999,
2020-06-19,895.1999999999999,
2020-06-20,895.1999999999999,
2020-06-21,895.1999999999999,
2020-06-22,895.1999999999999,
2020-06-23,895.1999999999999,
2020-06-24,895.1999999999999,
2020-06-25,895.1999999999999,
2020-06-26,895.1999999999999,
2020-06-27,895.1999999999999,
2020-06-28,895.1999999999999,
2020-06-29,895.1999999999999,
2020-06-30,895.1999999999999,
2020-07-01,895.1999999999999,
2020-07-02,895.1999999999999,
2020-07-03,895.1999999999999,
2020-07-04,895.1999999999999,
2020-07-05,895.1999999999999,
2020-07-06,895.1999999999999,
2020-07-07,895.1999999999999,
2020-07-08,895.1999999999999,
2020-07-09,895.1999999999999,
2020-07-10,895.1999999999999,
2020-07-11,895.1999999999999,
2020-07-12,895.1999999999999,
2020-07-13,895.1999999999999,
2020-07-14,895.1999999999999,
2020-07-15,895.1999999999999,
2020-07-16,895.1999999999999,
2020-07-17,895.1999999999999,
2020-07-18,895.1999999999999,
2020-07-19,895.1999999999999,
2020-07-20,895.1999999999999,
2020-07-21,895.1999999999999,
2020-07-22,895.1999999999999,
2020-07-23,895.1999999999999,
2020-07-24,895.1999999999999,
2020-07-25,895.1999999999999,
2020-07-26,895.1999999999999,
2020-07-27,895.1999999999999,
2020-07-28,895.1999999999999,
2020-07-29,895.1999999999999,
2020-07-30,895.1999999999999,
2020-07-31,895.1999999999999,
2020-08-01,895.1999999999999,
2020-08-02,895.1999999999999,
2020-08-03,895.1999999999999,
2020-08-04,895.1999999999999,
2020-08-05,895.1999999999999,
2020-08-06,895.44,
2020-08-07,895.44,
2020-08-08,895.44,
2020-08-09,895.44,
2020-08-10,895.44,
2020-08-11,895.44,
2020-08-12,895.44,
2020-08-13,858.1300000000001,858.1300000000001
2020-08-14,858.1300000000001,
2020-08-15,895.44,
2020-08-16,896.52,
2020-08-17,896.8799999999999,
2020-08-18,896.8799999999999,
2020-08-19,896.8799999999999,
2020-08-20,896.8799999999999,
2020-08-21,896.8799999999999,
2020-08-22,896.8799999999999,
2020-08-23,897.1199999999999,
2020-08-24,897.8399999999999,
2020-08-25,897.8399999999999,
2020-08-26,897.8399999999999,
2020-08-27,897.8399999999999,
2020-08-28,897.8399999999999,
2020-08-29,897.8399999999999,
2020-08-30,897.8399999999999,
2020-08-31,897.8399999999999,
2020-09-01,897.8399999999999,
2020-09-02,897.8399999999999,
2020-09-03,897.8399999999999,
2020-09-04,897.8399999999999,
2020-09-05,897.8399999999999,
2020-09-06,897.8399999999999,
2020-09-07,897.8399999999999,
2020-09-08,897.8399999999999,
2020-09-09,897.8399999999999,
2020-09-10,897.8399999999999,
2020-09-11,897.8399999999999,
2020-09-12,897.8399999999999,
2020-09-13,897.8399999999999,
2020-09-14,897.8399999999999,
2020-09-15,897.8399999999999,
2020-09-16,897.8399999999999,
2020-09-17,897.8399999999999,
2020-09-18,897.8399999999999,
2020-09-19,897.8399999999999,
2020-09-20,897.8399999999999,
2020-09-21,897.8399999999999,
2020-09-22,897.8399999999999,
2020-09-23,897.8399999999999,
2020-09-24,897.8399999999999,
2020-09-25,897.8399999999999,
2020-09-26,897.8399999999999,
2020-09-27,897.8399999999999,
2020-09-28,897.8399999999999,
2020-09-29,897.8399999999999,
2020-09-30,635.9699999999999,635.9699999999999
2020-10-01,0.0,0.0
2020-10-02,0.0,
2020-10-03,0.0,
2020-10-04,0.0,
2020-10-05,0.0,
2020-10-06,0.0,
2020-10-07,0.0,
2020-10-08,0.0,
2020-10-09,0.0,
2020-10-10,0.0,
2020-10-11,0.0,
2020-10-12,0.0,
2020-10-13,0.0,
2020-10-14,0.0,
2020-10-15,0.0,
2020-10-16,0.0,
2020-10-17,0.0,
2020-10-18,0.0,
2020-10-19,0.0,
2020-10-20,0.0,
2020-10-21,0.0,
2020-10-22,0.0,
2020-10-23,0.0,
2020-10-24,0.17,
2020-10-25,0.24,
2020-10-26,0.24,
2020-10-27,0.24,
2020-10-28,0.24,
2020-10-29,0.24,
2020-10-30,0.24,
2020-10-31,0.24,
2020-11-01,0.24,
2020-11-02,0.24,
2020-11-03,0.24,
2020-11-04,0.24,
2020-11-05,0.24,
2020-11-06,0.45,
2020-11-07,4.03,
2020-11-08,4.24,
2020-11-09,4.5600000000000005,
2020-11-10,4.5600000000000005,
2020-11-11,4.73,
2020-11-12,4.800000000000001,
2020-11-13,7.5,
2020-11-14,14.16,
2020-11-15,14.16,
2020-11-16,14.16,
2020-11-17,28.57,
2020-11-18,82.4,
2020-11-19,90.0,
2020-11-20,90.0,
2020-11-21,90.0,
2020-11-22,90.0,
2020-11-23,90.0,
2020-11-24,90.0,
2020-11-25,90.0,
2020-11-26,90.0,
2020-11-27,90.0,
2020-11-28,90.0,
2020-11-29,90.0,
2020-11-30,90.0,
2020-12-01,90.0,
2020-12-02,90.0,
2020-12-03,90.0,
2020-12-04,90.0,
2020-12-05,90.0,
2020-12-06,90.0,
2020-12-07,90.0,
2020-12-08,90.0,
2020-12-09,90.0,
2020-12-10,90.0,
2020-12-11,91.76,
2020-12-12,107.00999999999999,
2020-12-13,128.62,
2020-12-14,144.94,
2020-12-15,144.96,
2020-12-16,145.01,
2020-12-17,162.1,
2020-12-18,163.68,
2020-12-19,163.68,
2020-12-20,163.68,
2020-12-21,163.68,
2020-12-22,163.68,
2020-12-23,163.68,
2020-12-24,163.68,
2020-12-25,170.71,
2020-12-26,196.29,
2020-12-27,196.32999999999998,
2020-12-28,199.24,
2020-12-29,199.44,
2020-12-30,199.77,
2020-12-31,206.47,
2021-01-01,206.64,
2021-01-02,216.94,
2021-01-03,222.0,
2021-01-04,239.23,
2021-01-05,252.71999999999997,
2021-01-06,252.71999999999997,
2021-01-07,252.71999999999997,
2021-01-08,252.71999999999997,
2021-01-09,252.71999999999997,
2021-01-10,252.71999999999997,
2021-01-11,252.71999999999997,
2021-01-12,252.71999999999997,
2021-01-13,252.71999999999997,
2021-01-14,252.71999999999997,
2021-01-15,252.71999999999997,
2021-01-16,252.71999999999997,
2021-01-17,252.71999999999997,
2021-01-18,252.71999999999997,
2021-01-19,252.71999999999997,
2021-01-20,252.71999999999997,
2021-01-21,252.71999999999997,
2021-01-22,260.11,
2021-01-23,266.32,
2021-01-24,268.9,
2021-01-25,276.18,
2021-01-26,281.49,
2021-01-27,351.88,
2021-01-28,423.49,
2021-01-29,439.41999999999996,
2021-01-30,439.91999999999996,
2021-01-31,439.91999999999996,
2021-02-01,441.28,
2021-02-02,475.75,
2021-02-03,480.94,
2021-02-04,480.96,
2021-02-05,480.96,
2021-02-06,480.96,
2021-02-07,480.96,
2021-02-08,480.96,
2021-02-09,480.96,
2021-02-10,480.96,
2021-02-11,483.84,
2021-02-12,498.78,
2021-02-13,502.67,
2021-02-14,504.24,
2021-02-15,510.41,
2021-02-16,512.4000000000001,
2021-02-17,512.4000000000001,
2021-02-18,512.4000000000001,
2021-02-19,516.16,
2021-02-20,519.51,
2021-02-21,519.84,
2021-02-22,519.84,
2021-02-23,519.84,
2021-02-24,519.84,
2021-02-25,519.84,
2021-02-26,519.84,
2021-02-27,519.84,
2021-02-28,519.84,
2021-03-01,519.84,
2021-03-02,519.84,
2021-03-03,519.84,
2021-03-04,519.84,
2021-03-05,520.14,
2021-03-06,527.93,
2021-03-07,528.0,
2021-03-08,528.0,
2021-03-09,530.73,
2021-03-10,548.4,
2021-03-11,462.32000000000005,462.32000000000005
2021-03-12,556.08,
2021-03-13,556.08,
2021-03-14,512.62,512.62
2021-03-15,574.86,
2021-03-16,576.96,
2021-03-17,576.96,
2021-03-18,587.83,
2021-03-19,608.35,
2021-03-20,608.4000000000001,
2021-03-21,608.4000000000001,
2021-03-22,608.4000000000001,
2021-03-23,608.4000000000001,
2021-03-24,608.4000000000001,
2021-03-25,608.75,
2021-03-26,608.88,
2021-03-27,608.88,
2021-03-28,608.88,
2021-03-29,608.88,
2021-03-30,608.88,
2021-03-31,608.88,
2021-04-01,608.88,
2021-04-02,608.88,
2021-04-03,608.88,
2021-04-04,608.88,
2021-04-05,608.88,
2021-04-06,608.88,
2021-04-07,608.88,
2021-04-08,608.88,
2021-04-09,608.88,
2021-04-10,608.88,
2021-04-11,608.88,
2021-04-12,608.88,
2021-04-13,608.88,
2021-04-14,608.88,
2021-04-15,608.88,
2021-04-16,608.88,
2021-04-17,608.88,
2021-04-18,405.92,405.92
2021-04-19,608.88,
2021-04-20,608.88,
2021-04-21,609.06,
2021-04-22,609.12,
2021-04-23,609.12,
2021-04-24,609.12,
2021-04-25,611.38,
2021-04-26,615.5999999999999,
2021-04-27,615.5999999999999,
2021-04-28,615.5999999999999,
2021-04-29,615.5999999999999,
2021-04-30,615.5999999999999,
2021-05-01,615.5999999999999,
2021-05-02,615.5999999999999,
2021-05-03,615.5999999999999,
2021-05-04,615.5999999999999,
2021-05-05,615.5999999999999,
2021-05-06,615.5999999999999,
2021-05-07,615.5999999999999,
2021-05-08,615.5999999999999,
2021-05-09,615.5999999999999,
2021-05-10,615.5999999999999,
2021-05-11,615.5999999999999,
2021-05-12,615.5999999999999,
2021-05-13,615.5999999999999,
2021-05-14,615.5999999999999,
2021-05-15,616.15,
2021-05-16,616.5400000000001,
2021-05-17,616.77,
2021-05-18,616.8,
2021-05-19,616.8,
2021-05-20,616.8,
2021-05-21,616.8,
2021-05-22,616.8,
2021-05-23,616.8,
2021-05-24,616.8,
2021-05-25,616.8,
2021-05-26,616.8,
2021-05-27,616.8,
2021-05-28,616.8,
2021-05-29,616.8,
2021-05-30,616.8,
2021-05-31,616.8,
2021-06-01,616.8,
2021-06-02,616.8,
2021-06-03,616.8,
2021-06-04,616.8,
2021-06-05,616.8,
2021-06-06,616.8,
2021-06-07,616.8,
2021-06-08,616.8,
2021-06-09,616.8,
2021-06-10,616.8,
2021-06-11,616.8,
2021-06-12,616.8,
2021-06-13,616.8,
2021-06-14,616.8,
2021-06-15,616.8,
2021-06-16,616.8,
2021-06-17,616.8,
2021-06-18,616.8,
2021-06-19,616.8,
2021-06-20,616.8,
2021-06-21,616.8,
2021-06-22,618.45,
2021-06-23,619.4,
2021-06-24,619.62,
2021-06-25,619.6800000000001,
2021-06-26,619.6800000000001,
2021-06-27,619.6800000000001,
2021-06-28,619.6800000000001,
2021-06-29,619.6800000000001,
2021-06-30,619.6800000000001,
2021-07-01,619.6800000000001,
2021-07-02,619.6800000000001,
2021-07-03,619.6800000000001,
2021-07-04,619.6800000000001,
2021-07-05,619.6800000000001,
2021-07-06,619.6800000000001,
2021-07-07,619.6800000000001,
2021-07-08,619.6800000000001,
2021-07-09,619.6800000000001,
2021-07-10,619.6800000000001,
2021-07-11,619.6800000000001,
2021-07-12,619.6800000000001,
2021-07-13,619.6800000000001,
2021-07-14,619.6800000000001,
2021-07-15,619.6800000000001,
2021-07-16,619.6800000000001,
2021-07-17,619.6800000000001,
2021-07-18,619.6800000000001,
2021-07-19,619.6800000000001,
2021-07-20,619.6800000000001,
2021-07-21,568.04,568.04
2021-07-22,0.0,0.0
2021-07-23,413.12,
2021-07-24,619.6800000000001,
2021-07-25,619.6800000000001,
2021-07-26,619.6800000000001,
2021-07-27,619.6800000000001,
2021-07-28,619.6800000000001,
2021-07-29,619.6800000000001,
2021-07-30,619.6800000000001,
2021-07-31,619.6800000000001,
2021-08-01,619.6800000000001,
2021-08-02,619.6800000000001,
2021-08-03,619.6800000000001,
2021-08-04,619.6800000000001,
2021-08-05,619.6800000000001,
2021-08-06,619.6800000000001,
2021-08-07,619.6800000000001,
2021-08-08,619.6800000000001,
2021-08-09,619.6800000000001,
2021-08-10,619.6800000000001,
2021-08-11,619.6800000000001,
2021-08-12,619.6800000000001,
2021-08-13,619.6800000000001,
2021-08-14,619.6800000000001,
2021-08-15,619.6800000000001,
2021-08-16,619.6800000000001,
2021-08-17,619.6800000000001,
2021-08-18,619.6800000000001,
2021-08-19,619.6800000000001,
2021-08-20,619.6800000000001,
2021-08-21,619.6800000000001,
2021-08-22,619.6800000000001,
2021-08-23,619.6800000000001,
2021-08-24,619.6800000000001,
2021-08-25,619.6800000000001,
2021-08-26,619.6800000000001,
2021-08-27,619.6800000000001,
2021-08-28,619.6800000000001,
2021-08-29,619.6800000000001,
2021-08-30,619.6800000000001,
2021-08-31,619.6800000000001,
2021-09-01,619.6800000000001,
2021-09-02,619.6800000000001,
2021-09-03,619.6800000000001,
2021-09-04,619.6800000000001,
2021-09-05,619.6800000000001,
2021-09-06,619.6800000000001,
2021-09-07,619.6800000000001,
2021-09-08,619.6800000000001,
2021-09-09,619.6800000000001,
2021-09-10,619.6800000000001,
2021-09-11,619.6800000000001,
2021-09-12,619.6800000000001,
2021-09-13,619.6800000000001,
2021-09-14,619.6800000000001,
2021-09-15,619.6800000000001,
2021-09-16,619.6800000000001,
2021-09-17,619.6800000000001,
2021-09-18,619.6800000000001,
2021-09-19,620.05,
2021-09-20,620.16,
2021-09-21,620.16,
2021-09-22,620.16,
2021-09-23,620.16,
2021-09-24,620.16,
2021-09-25,620.16,
2021-09-26,620.16,
2021-09-27,620.16,
2021-09-28,620.16,
2021-09-29,620.16,
2021-09-30,439.28,439.28
2021-10-01,0.0,0.0
2021-10-02,0.0,
2021-10-03,0.0,
2021-10-04,0.0,
2021-10-05,0.0,
2021-10-06,0.0,
2021-10-07,0.0,
2021-10-08,0.0,
2021-10-09,0.0,
2021-10-10,0.0,
2021-10-11,0.0,
2021-10-12,0.0,
2021-10-13,0.0,
2021-10-14,0.0,
2021-10-15,0.0,
2021-10-16,0.0,
2021-10-17,0.92,
2021-10-18,4.25,
2021-10-19,4.32,
2021-10-20,15.82,
2021-10-21,53.07,
2021-10-22,73.81,
2021-10-23,79.27,
2021-10-24,177.26,
2021-10-25,306.27,
2021-10-26,310.32,
2021-10-27,310.32,
2021-10-28,310.32,
2021-10-29,310.32,
2021-10-30,310.33,
2021-10-31,310.75,
2021-11-01,323.46,
2021-11-02,345.01,
2021-11-03,345.29,
2021-11-04,350.81,
2021-11-05,351.84000000000003,
2021-11-06,351.84000000000003,
2021-11-07,351.84000000000003,
2021-11-08,352.78,
2021-11-09,392.05,
2021-11-10,396.9,
2021-11-11,396.96,
2021-11-12,396.96,
2021-11-13,396.96,
2021-11-14,396.96,
2021-11-15,396.96,
2021-11-16,396.96,
2021-11-17,396.96,
2021-11-18,396.96,
2021-11-19,396.96,
2021-11-20,397.14,
2021-11-21,397.20000000000005,
2021-11-22,397.20000000000005,
2021-11-23,397.20000000000005,
2021-11-24,397.20000000000005,
2021-11-25,397.20000000000005,
2021-11-26,397.20000000000005,
2021-11-27,397.20000000000005,
2021-11-28,397.20000000000005,
2021-11-29,397.20000000000005,
2021-11-30,397.20000000000005,
2021-12-01,397.20000000000005,
2021-12-02,397.20000000000005,
2021-12-03,397.20000000000005,
2021-12-04,397.20000000000005,
2021-12-05,397.20000000000005,
2021-12-06,397.20000000000005,
2021-12-07,399.72,
2021-12-08,399.85,
2021-12-09,386.64,386.64
2021-12-10,403.91999999999996,
2021-12-11,403.91999999999996,
2021-12-12,417.91999999999996,
2021-12-13,581.55,
2021-12-14,644.45,
2021-12-15,654.85,
2021-12-16,722.01,
2021-12-17,723.5999999999999,
2021-12-18,723.5999999999999,
2021-12-19,723.5999999999999,
2021-12-20,723.5999999999999,
2021-12-21,725.04,
2021-12-22,750.02,
2021-12-23,808.14,
2021-12-24,847.99,
2021-12-25,865.05,
2021-12-26,883.7,
2021-12-27,906.87,
2021-12-28,913.79,
2021-12-29,925.26,
2021-12-30,935.66,
2021-12-31,935.76,
2022-01-01,935.76,
2022-01-02,935.76,
2022-01-03,942.54,
2022-01-04,976.46,
2022-01-05,978.0,
2022-01-06,978.0,
2022-01-07,938.44,938.44
2022-01-08,980.64,
2022-01-09,980.64,
2022-01-10,939.78,939.78
2022-01-11,980.64,
2022-01-12,980.64,
2022-01-13,980.64,
2022-01-14,980.64,
2022-01-15,980.64,
2022-01-16,980.64,
2022-01-17,980.64,
2022-01-18,980.64,
2022-01-19,980.64,
2022-01-20,980.64,
2022-01-21,980.64,
2022-01-22,980.64,
2022-01-23,980.64,
2022-01-24,980.64,
2022-01-25,980.64,
2022-01-26,980.64,
2022-01-27,980.64,
2022-01-28,980.64,
2022-01-29,980.64,
2022-01-30,980.64,
2022-01-31,980.64,
2022-02-01,980.64,
2022-02-02,980.64,
2022-02-03,980.64,
2022-02-04,980.64,
2022-02-05,980.64,
2022-02-06,980.64,
2022-02-07,980.64,
2022-02-08,980.64,
2022-02-09,980.64,
2022-02-10,980.64,
2022-02-11,980.64,
2022-02-12,980.64,
2022-02-13,980.64,
2022-02-14,980.64,
2022-02-15,980.64,
2022-02-16,980.64,
2022-02-17,980.64,
2022-02-18,980.64,
2022-02-19,980.64,
2022-02-20,980.64,
2022-02-21,980.73,
2022-02-22,984.58,
2022-02-23,986.22,
2022-02-24,904.2,904.2
2022-02-25,986.4000000000001,
2022-02-26,986.4000000000001,
2022-02-27,986.4000000000001,
2022-02-28,986.4000000000001,
2022-03-01,986.4000000000001,
2022-03-02,986.4000000000001,
2022-03-03,987.07,
2022-03-04,989.53,
2022-03-05,992.82,
2022-03-06,993.1200000000001,
2022-03-07,993.1200000000001,
2022-03-08,993.1200000000001,
2022-03-09,993.1200000000001,
2022-03-10,993.1200000000001,
2022-03-11,993.1200000000001,
2022-03-12,993.1200000000001,
2022-03-13,912.1999999999999,912.1999999999999
2022-03-14,995.28,
2022-03-15,996.62,
2022-03-16,996.96,
2022-03-17,996.96,
2022-03-18,996.96,
2022-03-19,998.37,
2022-03-20,1000.52,
2022-03-21,1000.56,
2022-03-22,1000.56,
2022-03-23,1000.56,
2022-03-24,1000.56,
2022-03-25,1000.56,
2022-03-26,1000.56,
2022-03-27,1005.4,
2022-03-28,1049.11,
2022-03-29,1051.1999999999998,
2022-03-30,1051.38,
2022-03-31,1051.44,
2022-04-01,1051.44,
2022-04-02,1051.44,
2022-04-03,1051.44,
2022-04-04,1051.44,
2022-04-05,1051.44,
2022-04-06,1051.44,
2022-04-07,1051.44,
2022-04-08,1051.44,
2022-04-09,1051.44,
2022-04-10,1051.44,
2022-04-11,1060.41,
2022-04-12,1065.6,
2022-04-13,1065.6,
2022-04-14,1069.5,
2022-04-15,1076.6,
2022-04-16,1103.6699999999998,
2022-04-17,1111.1999999999998,
2022-04-18,1111.35,
2022-04-19,1117.6299999999999,
2022-04-20,1119.47,
2022-04-21,1152.29,
2022-04-22,1154.71,
2022-04-23,1155.1200000000001,
2022-04-24,1155.1200000000001,
2022-04-25,1155.1200000000001,
2022-04-26,1155.1200000000001,
2022-04-27,1155.1200000000001,
2022-04-28,1155.1200000000001,
2022-04-29,1155.1200000000001,
2022-04-30,1155.1200000000001,
2022-05-01,1155.1200000000001,
2022-05-02,1155.1200000000001,
2022-05-03,1155.1200000000001,
2022-05-04,1155.1200000000001,
2022-05-05,1155.1200000000001,
2022-05-06,1155.1200000000001,
2022-05-07,1155.1200000000001,
2022-05-08,1155.35,
2022-05-09,1155.6,
2022-05-10,1155.6,
2022-05-11,1155.6,
2022-05-12,1155.6,
2022-05-13,1155.6,
2022-05-14,1155.6,
2022-05-15,1155.6,
2022-05-16,1155.6,
2022-05-17,1155.6,
2022-05-18,1155.6,
2022-05-19,1155.6,
2022-05-20,1155.6,
2022-05-21,1155.6,
2022-05-22,1155.6,
2022-05-23,1155.6,
2022-05-24,1155.6,
2022-05-25,1155.6,
2022-05-26,1155.6,
2022-05-27,1155.6,
2022-05-28,1155.6,
2022-05-29,1155.79,
2022-05-30,1155.84,
2022-05-31,1155.84,
2022-06-01,1155.84,
2022-06-02,1155.84,
2022-06-03,1155.84,
2022-06-04,1155.85,
2022-06-05,1159.99,
2022-06-06,1162.08,
2022-06-07,1162.08,
2022-06-08,1162.08,
2022-06-09,1162.08,
2022-06-10,1162.08,
2022-06-11,1162.08,
2022-06-12,1162.08,
2022-06-13,1162.08,
2022-06-14,1162.08,
2022-06-15,1162.08,
2022-06-16,1162.08,
2022-06-17,1162.08,
2022-06-18,1162.08,
2022-06-19,1162.08,
2022-06-20,1162.08,
2022-06-21,1162.08,
2022-06-22,1162.08,
2022-06-23,1162.08,
2022-06-24,1162.08,
2022-06-25,1162.08,
2022-06-26,1162.08,
2022-06-27,1162.08,
2022-06-28,1162.08,
2022-06-29,1162.08,
2022-06-30,1162.08,
2022-07-01,1162.08,
2022-07-02,1162.08,
2022-07-03,1162.08,
2022-07-04,1162.08,
2022-07-05,1162.08,
2022-07-06,1162.08,
2022-07-07,1162.08,
2022-07-08,1162.08,
2022-07-09,1162.08,
2022-07-10,1162.08,
2022-07-11,1162.08,
2022-07-12,1162.08,
2022-07-13,1162.08,
2022-07-14,1162.08,
2022-07-15,1162.08,
2022-07-16,1162.08,
2022-07-17,1162.08,
2022-07-18,1162.08,
2022-07-19,1162.08,
2022-07-20,1162.08,
2022-07-21,1162.08,
2022-07-22,1162.08,
2022-07-23,1162.08,
2022-07-24,1162.08,
2022-07-25,1162.08,
2022-07-26,1162.08,
2022-07-27,1162.08,
2022-07-28,1162.08,
2022-07-29,1162.08,
2022-07-30,1162.08,
2022-07-31,1162.08,
2022-08-01,1162.08,
2022-08-02,1162.08,
2022-08-03,1162.08,
2022-08-04,1162.08,
2022-08-05,1162.08,
2022-08-06,1162.08,
2022-08-07,1113.66,1113.66
2022-08-08,1162.08,
2022-08-09,1162.08,
2022-08-10,1162.08,
2022-08-11,1162.08,
2022-08-12,1162.08,
2022-08-13,1162.08,
2022-08-14,1162.08,
2022-08-15,1162.08,
2022-08-16,1162.08,
2022-08-17,1162.92,
2022-08-18,1163.52,
2022-08-19,1163.52,
2022-08-20,1163.52,
2022-08-21,1163.52,
2022-08-22,1163.52,
2022-08-23,1163.52,
2022-08-24,1163.52,
2022-08-25,1163.52,
2022-08-26,1163.52,
2022-08-27,1163.52,
2022-08-28,1163.52,
2022-08-29,1163.52,
2022-08-30,1163.52,
2022-08-31,1163.52,
2022-09-01,1163.52,
2022-09-02,1163.52,
2022-09-03,1163.52,
2022-09-04,1163.52,
2022-09-05,1163.52,
2022-09-06,1163.52,
2022-09-07,1163.52,
2022-09-08,1163.52,
2022-09-09,1163.52,
2022-09-10,1163.52,
2022-09-11,1163.52,
2022-09-12,1163.52,
2022-09-13,1163.52,
2022-09-14,1163.52,
2022-09-15,1163.52,
2022-09-16,1163.52,
2022-09-17,1163.52,
2022-09-18,1183.31,
2022-09-19,1213.67,
2022-09-20,1213.68,
2022-09-21,1214.16,
2022-09-22,1214.4,
2022-09-23,1214.4,
2022-09-24,1214.4,
2022-09-25,1214.4,
2022-09-26,1214.4,
2022-09-27,1214.4,
2022-09-28,1214.4,
2022-09-29,1214.4,
2022-09-30,860.2,860.2
2022-10-01,0.0,0.0
2022-10-02,0.0,
2022-10-03,0.0,
2022-10-04,0.0,
2022-10-05,0.0,
2022-10-06,0.0,
2022-10-07,0.0,
2022-10-08,0.0,
2022-10-09,0.0,
2022-10-10,0.0,
2022-10-11,0.0,
2022-10-12,0.0,
2022-10-13,0.0,
2022-10-14,0.0,
2022-10-15,0.0,
2022-10-16,0.0,
2022-10-17,0.21,
2022-10-18,0.24,
2022-10-19,0.24,
2022-10-20,0.24,
2022-10-21,0.24,
2022-10-22,0.9500000000000001,
2022-10-23,1.2000000000000002,
2022-10-24,1.2000000000000002,
2022-10-25,1.2000000000000002,
2022-10-26,1.2000000000000002,
2022-10-27,1.05,1.05
2022-10-28,1.2000000000000002,
2022-10-29,1.2000000000000002,
2022-10-30,1.2000000000000002,
2022-10-31,1.1500000000000001,1.1500000000000001
2022-11-01,8.08,
2022-11-02,16.08,
2022-11-03,17.759999999999998,
2022-11-04,17.759999999999998,
2022-11-05,18.32,
2022-11-06,20.189999999999998,
2022-11-07,31.59,
2022-11-08,80.41,
2022-11-09,92.93,
2022-11-10,93.36,
2022-11-11,93.36,
2022-11-12,93.36,
2022-11-13,93.36,
2022-11-14,93.36,
2022-11-15,93.36,
2022-11-16,93.36,
2022-11-17,93.36,
2022-11-18,93.36,
2022-11-19,93.36,
2022-11-20,93.36,
2022-11-21,93.36,
2022-11-22,93.36,
2022-11-23,93.36,
2022-11-24,93.36,
2022-11-25,93.36,
2022-11-26,93.36,
2022-11-27,93.36,
2022-11-28,93.36,
2022-11-29,93.36,
2022-11-30,93.36,
2022-12-01,112.60000000000001,
2022-12-02,143.52,
2022-12-03,161.91,
2022-12-04,186.74,
2022-12-05,199.11,
2022-12-06,211.74,
2022-12-07,212.16,
2022-12-08,213.76,
2022-12-09,228.86999999999998,
2022-12-10,279.54,
2022-12-11,342.98,
2022-12-12,359.91,
2022-12-13,360.0,
2022-12-14,360.0,
2022-12-15,360.0,
2022-12-16,360.0,
2022-12-17,360.0,
2022-12-18,360.0,
2022-12-19,360.0,
2022-12-20,360.0,
2022-12-21,360.0,
2022-12-22,360.0,
2022-12-23,360.0,
2022-12-24,360.0,
2022-12-25,360.0,
2022-12-26,360.52,
2022-12-27,448.08,
2022-12-28,472.76,
2022-12-29,481.63,
2022-12-30,533.67,
2022-12-31,685.66,
2023-01-01,741.06,
2023-01-02,745.5699999999999,
2023-01-03,763.5600000000001,
2023-01-04,786.11,
2023-01-05,838.3,
2023-01-06,848.64,
2023-01-07,856.5699999999999,
2023-01-08,903.8100000000001,
2023-01-09,997.14,
2023-01-10,1025.88,
2023-01-11,1045.74,
2023-01-12,1068.69,
2023-01-13,1093.99,
2023-01-14,1167.91,
2023-01-15,1198.87,
2023-01-16,1236.47,
2023-01-17,1242.44,
2023-01-18,1242.8300000000002,
2023-01-19,1249.67,
2023-01-20,1249.68,
2023-01-21,1249.68,
2023-01-22,1249.68,
2023-01-23,1249.68,
2023-01-24,1249.68,
2023-01-25,1249.68,
2023-01-26,1249.68,
2023-01-27,1249.68,
2023-01-28,1249.68,
2023-01-29,1251.93,
2023-01-30,1252.8000000000002,
2023-01-31,1252.8000000000002,
2023-02-01,1252.8000000000002,
2023-02-02,1252.8000000000002,
2023-02-03,1272.38,
2023-02-04,1299.78,
2023-02-05,1335.07,
2023-02-06,1337.99,
2023-02-07,1338.0,
2023-02-08,1338.0,
2023-02-09,1338.0,
2023-02-10,1338.07,
2023-02-11,1345.34,
2023-02-12,1346.6399999999999,
2023-02-13,1346.6399999999999,
2023-02-14,1346.6399999999999,
2023-02-15,1346.6399999999999,
2023-02-16,1346.6399999999999,
2023-02-17,1346.6399999999999,
2023-02-18,1346.6399999999999,
2023-02-19,1346.6399999999999,
2023-02-20,1346.6399999999999,
2023-02-21,1346.68,
2023-02-22,1347.61,
2023-02-23,1352.07,
2023-02-24,1201.05,1201.05
2023-02-25,1385.69,
2023-02-26,1398.86,
2023-02-27,1429.53,
2023-02-28,1456.93,
2023-03-01,1471.91,
2023-03-02,1472.16,
2023-03-03,1472.16,
2023-03-04,1474.6100000000001,
2023-03-05,1483.1,
2023-03-06,1485.75,
2023-03-07,1488.68,
2023-03-08,1492.21,
2023-03-09,1510.11,
2023-03-10,1624.1,
2023-03-11,1639.4,
2023-03-12,1527.23,1527.23
2023-03-13,1692.8,
2023-03-14,1758.14,
2023-03-15,1797.6000000000001,
2023-03-16,1797.6000000000001,
2023-03-17,1797.6000000000001,
2023-03-18,1797.64,
2023-03-19,1812.96,
2023-03-20,1821.24,
2023-03-21,1857.23,
2023-03-22,1937.42,
2023-03-23,1941.87,
2023-03-24,1943.6999999999998,
2023-03-25,1943.7599999999998,
2023-03-26,1943.7599999999998,
2023-03-27,1943.7599999999998,
2023-03-28,1962.5,
2023-03-29,1993.71,
2023-03-30,2013.83,
2023-03-31,2013.84,
2023-04-01,2013.84,
2023-04-02,2014.8899999999999,
2023-04-03,2016.19,
2023-04-04,2016.2400000000002,
2023-04-05,2016.2400000000002,
2023-04-06,2016.2400000000002,
2023-04-07,2025.77,
2023-04-08,2033.71,
2023-04-09,2033.7599999999998,
2023-04-10,2033.7599999999998,
2023-04-11,2033.7599999999998,
2023-04-12,2033.7599999999998,
2023-04-13,2033.7599999999998,
2023-04-14,2033.7599999999998,
2023-04-15,2033.7599999999998,
2023-04-16,2033.7599999999998,
2023-04-17,2033.7599999999998,
2023-04-18,2035.08,
2023-04-19,2035.1999999999998,
2023-04-20,2035.1999999999998,
2023-04-21,2035.1999999999998,
2023-04-22,2035.1999999999998,
2023-04-23,2035.1999999999998,
2023-04-24,2035.1999999999998,
2023-04-25,2035.1999999999998,
2023-04-26,2035.1999999999998,
2023-04-27,2035.1999999999998,
2023-04-28,2035.1999999999998,
2023-04-29,2035.1999999999998,
2023-04-30,2035.1999999999998,
2023-05-01,2038.79,
2023-05-02,2061.81,
2023-05-03,2096.61,
2023-05-04,2100.84,
2023-05-05,2101.44,
2023-05-06,2109.77,
2023-05-07,2114.59,
2023-05-08,2117.08,
2023-05-09,2118.48,
2023-05-10,2118.48,
2023-05-11,2118.48,
2023-05-12,2118.48,
2023-05-13,2118.48,
2023-05-14,2118.48,
2023-05-15,2118.48,
2023-05-16,2118.48,
2023-05-17,2118.48,
2023-05-18,2118.48,
2023-05-19,2118.48,
2023-05-20,2118.48,
2023-05-21,2118.48,
2023-05-22,2118.48,
2023-05-23,2118.48,
2023-05-24,2118.66,
2023-05-25,1854.0500000000002,1854.0500000000002
2023-05-26,2119.34,
2023-05-27,2119.44,
2023-05-28,2119.44,
2023-05-29,2119.64,
2023-05-30,2119.68,
2023-05-31,2119.88,
2023-06-01,2119.92,
2023-06-02,2119.92,
2023-06-03,2119.92,
2023-06-04,2119.92,
2023-06-05,2119.92,
2023-06-06,2120.88,
2023-06-07,2121.84,
2023-06-08,2122.02,
2023-06-09,2122.08,
2023-06-10,2122.08,
2023-06-11,2122.08,
2023-06-12,2122.69,
2023-06-13,2122.8,
2023-06-14,2122.8,
2023-06-15,2122.8,
2023-06-16,2122.8,
2023-06-17,2122.8,
2023-06-18,2122.8,
2023-06-19,2122.8,
2023-06-20,2122.8,
2023-06-21,2122.8,
2023-06-22,2122.88,
2023-06-23,2124.77,
2023-06-24,2124.96,
2023-06-25,2124.96,
2023-06-26,2124.96,
2023-06-27,2124.96,
2023-06-28,2124.96,
2023-06-29,2036.42,2036.42
2023-06-30,2124.96,
2023-07-01,2124.96,
2023-07-02,2124.96,
2023-07-03,2124.96,
2023-07-04,2124.96,
2023-07-05,2124.96,
2023-07-06,2124.96,
2023-07-07,2124.96,
2023-07-08,2124.96,
2023-07-09,2124.96,
2023-07-10,2124.96,
2023-07-11,2124.96,
2023-07-12,2124.96,
2023-07-13,2124.96,
2023-07-14,2124.96,
2023-07-15,2124.96,
2023-07-16,2124.96,
2023-07-17,2124.96,
2023-07-18,2124.96,
2023-07-19,2124.96,
2023-07-20,2124.96,
2023-07-21,1859.3400000000001,1859.3400000000001
2023-07-22,2124.96,
2023-07-23,2124.96,
2023-07-24,2124.96,
2023-07-25,2124.96,
2023-07-26,2124.96,
2023-07-27,2124.96,
2023-07-28,2124.96,
2023-07-29,2124.96,
2023-07-30,2124.96,
2023-07-31,2124.96,
2023-08-01,2124.96,
2023-08-02,2124.96,
2023-08-03,2124.96,
2023-08-04,2124.96,
2023-08-05,2124.96,
2023-08-06,2124.96,
2023-08-07,2124.96,
2023-08-08,2124.96,
2023-08-09,2124.96,
2023-08-10,2124.96,
2023-08-11,2124.96,
2023-08-12,2124.96,
2023-08-13,2124.96,
2023-08-14,2124.96,
2023-08-15,2124.96,
2023-08-16,2124.96,
2023-08-17,2124.96,
2023-08-18,2124.96,
2023-08-19,2124.96,
2023-08-20,2124.96,
2023-08-21,2125.1600000000003,
2023-08-22,2125.44,
2023-08-23,2125.44,
2023-08-24,2125.44,
2023-08-25,2125.44,
2023-08-26,2125.44,
2023-08-27,2125.44,
2023-08-28,2125.44,
2023-08-29,2125.44,
2023-08-30,2125.44,
2023-08-31,2125.44,
2023-09-01,2125.69,
2023-09-02,2125.94,
2023-09-03,2126.37,
2023-09-04,2126.3999999999996,
2023-09-05,2126.3999999999996,
2023-09-06,2126.3999999999996,
2023-09-07,2126.3999999999996,
2023-09-08,2126.3999999999996,
2023-09-09,2126.3999999999996,
2023-09-10,2126.3999999999996,
2023-09-11,2126.3999999999996,
2023-09-12,2126.3999999999996,
2023-09-13,2126.3999999999996,
2023-09-14,2126.3999999999996,
2023-09-15,2126.3999999999996,
2023-09-16,2126.3999999999996,
2023-09-17,2126.3999999999996,
2023-09-18,1063.1999999999998,1063.1999999999998
2023-09-19,2126.3999999999996,
2023-09-20,2126.3999999999996,
2023-09-21,2126.3999999999996,
2023-09-22,2126.3999999999996,
2023-09-23,2126.3999999999996,
2023-09-24,2126.3999999999996,
2023-09-25,2126.3999999999996,
2023-09-26,2128.05,
2023-09-27,2128.56,
2023-09-28,2128.56,
2023-09-29,2128.63,
2023-09-30,1512.02,1512.02
2023-10-01,0.24,0.24
2023-10-02,0.24,
2023-10-03,0.24,
2023-10-04,0.24,
2023-10-05,0.24,
2023-10-06,0.24,
2023-10-07,0.24,
2023-10-08,0.24,
2023-10-09,0.48,
2023-10-10,2.63,
2023-10-11,3.3000000000000003,
2023-10-12,3.3600000000000003,
2023-10-13,3.3600000000000003,
2023-10-14,3.3600000000000003,
2023-10-15,3.3600000000000003,
2023-10-16,3.3600000000000003,
2023-10-17,3.3600000000000003,
2023-10-18,3.3600000000000003,
2023-10-19,3.3600000000000003,
2023-10-20,3.3600000000000003,
2023-10-21,3.3600000000000003,
2023-10-22,14.42,
2023-10-23,28.7,
2023-10-24,28.799999999999997,
2023-10-25,28.799999999999997,
2023-10-26,28.799999999999997,
2023-10-27,28.799999999999997,
2023-10-28,28.799999999999997,
2023-10-29,28.799999999999997,
2023-10-30,28.799999999999997,
2023-10-31,28.799999999999997,
2023-11-01,28.799999999999997,
2023-11-02,28.799999999999997,
2023-11-03,28.799999999999997,
2023-11-04,28.799999999999997,
2023-11-05,30.05,
2023-11-06,42.79,
2023-11-07,43.910000000000004,
2023-11-08,43.92,
2023-11-09,43.92,
2023-11-10,43.92,
2023-11-11,43.92,
2023-11-12,43.92,
2023-11-13,43.92,
2023-11-14,43.92,
2023-11-15,44.9,
2023-11-16,48.76,
2023-11-17,51.17,
2023-11-18,79.07,
2023-11-19,88.48,
2023-11-20,88.56,
2023-11-21,88.56,
2023-11-22,62.73,62.73
2023-11-23,88.56,
2023-11-24,88.56,
2023-11-25,88.56,
2023-11-26,88.56,
2023-11-27,88.56,
2023-11-28,88.58,
2023-11-29,92.88,
2023-11-30,93.36,
2023-12-01,93.37,
2023-12-02,96.09,
2023-12-03,97.38999999999999,
2023-12-04,97.44,
2023-12-05,97.44,
2023-12-06,92.5,92.5
2023-12-07,59.629999999999995,59.629999999999995
2023-12-08,88.91999999999999,
2023-12-09,65.52,65.52
2023-12-10,112.32,
2023-12-11,112.32,
2023-12-12,112.32,
2023-12-13,112.32,
2023-12-14,112.32,
2023-12-15,112.32,
2023-12-16,112.32,
2023-12-17,113.03,
2023-12-18,144.65,
2023-12-19,220.73,
2023-12-20,274.28000000000003,
2023-12-21,283.44,
2023-12-22,283.44,
2023-12-23,283.44,
2023-12-24,283.44,
2023-12-25,283.44,
2023-12-26,283.44,
2023-12-27,298.02,
2023-12-28,328.86,
2023-12-29,362.51,
2023-12-30,410.6,
2023-12-31,412.32,
2024-01-01,412.32,
2024-01-02,419.43,
2024-01-03,368.63,368.63
2024-01-04,443.28,
2024-01-05,443.5,
2024-01-06,447.46999999999997,
2024-01-07,453.59999999999997,
2024-01-08,453.59999999999997,
2024-01-09,456.26,
2024-01-10,463.56,
2024-01-11,472.32,
2024-01-12,472.32,
2024-01-13,479.04,
2024-01-14,521.72,
2024-01-15,522.96,
2024-01-16,526.24,
2024-01-17,549.52,
2024-01-18,549.5999999999999,
2024-01-19,554.92,
2024-01-20,593.34,
2024-01-21,624.68,
2024-01-22,712.93,
2024-01-23,719.6999999999999,
2024-01-24,729.12,
2024-01-25,737.01,
2024-01-26,737.04,
2024-01-27,737.04,
2024-01-28,737.04,
2024-01-29,737.04,
2024-01-30,429.94,429.94
2024-01-31,758.12,
2024-02-01,837.03,
2024-02-02,858.15,
2024-02-03,829.4,829.4
2024-02-04,920.08,
2024-02-05,950.77,
2024-02-06,954.39,
2024-02-07,964.65,
2024-02-08,977.98,
2024-02-09,978.0,
2024-02-10,937.25,937.25
2024-02-11,937.25,
2024-02-12,978.0,
2024-02-13,978.0,
2024-02-14,985.13,
2024-02-15,1002.16,
2024-02-16,1002.24,
2024-02-17,1022.39,
2024-02-18,1080.79,
2024-02-19,1125.42,
2024-02-20,1135.3500000000001,
2024-02-21,1145.02,
2024-02-22,1145.04,
2024-02-23,1145.04,
2024-02-24,1145.04,
2024-02-25,1145.04,
2024-02-26,1145.2,
2024-02-27,1145.28,
2024-02-28,1145.28,
2024-02-29,1159.17,
2024-03-01,1190.28,
2024-03-02,1216.09,
2024-03-03,1227.61,
2024-03-04,1233.17,
2024-03-05,1236.05,
2024-03-06,1250.27,
2024-03-07,1255.41,
2024-03-08,1255.44,
2024-03-09,1255.44,
2024-03-10,1151.21,1151.21
2024-03-11,1266.65,
2024-03-12,1276.4,
2024-03-13,1279.68,
2024-03-14,1279.68,
2024-03-15,1279.68,
2024-03-16,1279.68,
2024-03-17,1279.68,
2024-03-18,1279.68,
2024-03-19,1279.68,
2024-03-20,1279.68,
2024-03-21,1279.68,
2024-03-22,1283.32,
2024-03-23,1311.03,
2024-03-24,1323.6,
2024-03-25,1326.0,
2024-03-26,1328.23,
2024-03-27,1331.83,
2024-03-28,1360.63,
2024-03-29,1374.82,
2024-03-30,1402.96,
2024-03-31,1410.96,
2024-04-01,1410.96,
2024-04-02,1410.96,
2024-04-03,1410.96,
2024-04-04,1361.43,1361.43
2024-04-05,1432.63,
2024-04-06,1433.94,
2024-04-07,1434.0,
2024-04-08,1434.0,
2024-04-09,1434.0,
2024-04-10,1434.0,
2024-04-11,1434.0,
2024-04-12,1434.0,
2024-04-13,1457.63,
2024-04-14,1489.07,
2024-04-15,1491.6,
2024-04-16,1491.6,
2024-04-17,1491.6,
2024-04-18,1491.6,
2024-04-19,1491.6,
2024-04-20,1491.6,
2024-04-21,1491.6,
2024-04-22,1491.6,
2024-04-23,1492.58,
2024-04-24,1493.2,
2024-04-25,1493.58,
2024-04-26,1494.68,
2024-04-27,1494.96,
2024-04-28,1494.96,
2024-04-29,1494.96,
2024-04-30,1494.96,
2024-05-01,1494.96,
2024-05-02,1494.96,
2024-05-03,1494.96,
2024-05-04,1517.12,
2024-05-05,1534.99,
2024-05-06,1535.04,
2024-05-07,1535.22,
2024-05-08,1535.28,
2024-05-09,1535.28,
2024-05-10,1535.28,
2024-05-11,1535.28,
2024-05-12,1535.28,
2024-05-13,1535.28,
2024-05-14,1535.28,
2024-05-15,1535.28,
2024-05-16,1535.28,
2024-05-17,1535.28,
2024-05-18,1535.28,
2024-05-19,1535.28,
2024-05-20,1535.28,
2024-05-21,1535.28,
2024-05-22,1535.28,
2024-05-23,1535.28,
2024-05-24,1535.36,
2024-05-25,1537.27,
2024-05-26,1537.6799999999998,
2024-05-27,1537.6799999999998,
2024-05-28,1537.6799999999998,
2024-05-29,1537.6799999999998,
2024-05-30,1537.6799999999998,
2024-05-31,1537.6799999999998,
2024-06-01,1537.6799999999998,
2024-06-02,1537.6799999999998,
2024-06-03,1537.6799999999998,
2024-06-04,1537.6799999999998,
2024-06-05,1537.6799999999998,
2024-06-06,1537.6799999999998,
2024-06-07,1537.6799999999998,
2024-06-08,1537.6799999999998,
2024-06-09,1537.6799999999998,
2024-06-10,1537.6799999999998,
2024-06-11,1537.6799999999998,
2024-06-12,1537.6799999999998,
2024-06-13,1537.6799999999998,
2024-06-14,1537.6799999999998,
2024-06-15,1537.6799999999998,
2024-06-16,1537.6799999999998,
2024-06-17,1537.6799999999998,
2024-06-18,1537.6799999999998,
2024-06-19,1537.6799999999998,
2024-06-20,1537.6799999999998,
2024-06-21,1537.6799999999998,
2024-06-22,1537.6799999999998,
2024-06-23,1537.6799999999998,
2024-06-24,1537.78,
2024-06-25,1537.92,
2024-06-26,1537.92,
2024-06-27,1537.92,
2024-06-28,1537.92,
2024-06-29,1537.92,
2024-06-30,1537.92,
2024-07-01,1537.92,
2024-07-02,1537.92,
2024-07-03,1537.92,
2024-07-04,1537.92,
2024-07-05,1537.92,
2024-07-06,1537.92,
2024-07-07,1537.92,
2024-07-08,1537.92,
2024-07-09,1537.92,
2024-07-10,1537.92,
2024-07-11,1537.92,
2024-07-12,1537.92,
2024-07-13,1537.92,
2024-07-14,1537.92,
2024-07-15,1537.92,
2024-07-16,1537.92,
2024-07-17,1537.92,
2024-07-18,1537.92,
2024-07-19,1537.92,
2024-07-20,1537.92,
2024-07-21,1537.92,
2024-07-22,1537.92,
2024-07-23,1537.92,
2024-07-24,1537.92,
2024-07-25,1537.92,
2024-07-26,1537.92,
2024-07-27,1537.92,
2024-07-28,1537.92,
2024-07-29,1537.92,
2024-07-30,1537.92,
2024-07-31,1537.92,
2024-08-01,1537.92,
2024-08-02,1537.92,
2024-08-03,1537.92,
2024-08-04,1537.92,
2024-08-05,1537.92,
2024-08-06,1537.92,
2024-08-07,1537.92,
2024-08-08,1537.92,
2024-08-09,1537.92,
2024-08-10,1537.92,
2024-08-11,1537.92,
2024-08-12,1537.92,
2024-08-13,1537.92,
2024-08-14,1537.92,
2024-08-15,1537.92,
2024-08-16,1537.92,
2024-08-17,1537.92,
2024-08-18,1537.92,
2024-08-19,1537.92,
2024-08-20,1537.92,
2024-08-21,1537.92,
2024-08-22,1537.92,
2024-08-23,1537.92,
2024-08-24,1537.92,
2024-08-25,1537.92,
2024-08-26,1537.92,
2024-08-27,1537.92,
2024-08-28,1537.92,
2024-08-29,1537.92,
2024-08-30,1537.92,
2024-08-31,1537.92,
2024-09-01,64.08,64.08
